user,indegree,outdegree,indegree_w,outdegree_w,pagerank,betweenness
barevalodeleon,2727,0,5917,0,0.1305065683761091,0.5677040267533302
traficogt,1891,47,5622,150,0.07188425249347942,0.4769005751507455
guatemalagob,656,2,1171,8,0.017697906424700025,0.030030905153888374
ubaldomacu,407,12,1022,36,0.008834048212307561,0.013308871626460567
mpguatemala,430,2,605,2,0.010947266065407028,0.019373753657648873
fjimenezmingob,289,2,594,2,0.004777378212152514,0.002505297656089477
santipalomov,374,0,526,0,0.005588814259778401,0.00420893417930507
__vadertg,221,22,443,33,0.004514586413577156,0.007345638928691337
prensacomunitar,173,15,355,16,0.00392155643084462,0.003898503210795763
olsenpsico,166,3,341,4,0.004660327686856145,0.006564784032734768
vicentecarrera_,155,18,338,29,0.002524553308152182,0.00419463766511241
elquenews,150,6,336,13,0.0038100236709522183,0.0007633175542919502
drgiammattei,246,1,322,2,0.014109747490318843,0.010992169507445526
lahoragt,155,2,312,2,0.003107440324821445,0.0036094821399217684
congresoguate,265,0,310,0,0.004413072080230368,0.00954165731088916
mingobguate,228,0,310,0,0.004876773941913377,0.006456949403110417
karinherreravp,170,0,268,0,0.002699550715745346,0.0022465674539556397
pncdeguatemala,187,0,251,0,0.001838435213570426,0.0015384255699704412
bancadasemilla,151,0,242,0,0.0022350148993634795,0.0015745763952201139
ivanduque,116,1,240,1,0.005706766511535261,0.00043737355493595116
mmendoza_gt,146,7,238,7,0.002934803243718552,0.00642166678632904
amilcarmontejo,92,2,226,3,0.002464920179682464,0.0005342168430922523
diariodeca,165,8,226,59,0.0012114056317727962,0.003234701544059185
factor4_gt,100,13,222,20,0.002545943334322452,0.003226423156306523
jczamora,95,0,218,0,0.0015287652688349505,0.0004409124321848145
usaidguate,188,2,211,2,0.007090634710694596,0.002826737121415984
jlfont001,119,13,195,20,0.001920224625910028,0.006316172050111861
emisorasunidas,110,4,194,8,0.001973919102051751,0.0049884904863729635
_spguatemala,137,0,188,0,0.0009341142376876421,0.00018470243368527868
mendiamariela,82,17,182,85,0.0018399808830589844,0.0006310126533403985
agn_noticias,136,7,180,24,0.0011337197012637268,0.0007524327883331033
radio_tgw,129,5,176,10,0.0009488922951293687,0.0004475187935302925
gersongudielcas,86,9,173,14,0.0025081223344394603,0.0017279032658154786
samuel_pz,115,0,166,0,0.0016871536248741084,0.0011897537408601135
uclcgt,133,3,163,3,0.0012233235418051657,0.00024312139199286336
felixsinexcusas,111,0,154,0,0.001548648298612683,0.0005083066103752051
ricigt1,67,1,152,1,0.0008833508162255375,0.0006634186326458454
dtransitopnc,101,0,147,0,0.0010103158855455966,0.00025805005077655447
drewzecena,75,1,141,2,0.002109778865308441,0.00026758662052010524
muniguate,87,0,128,0,0.001439000128221116,0.0007875333988808386
rafaelae1967,54,14,126,50,0.0012322154584141,0.001256441724015841
cc_guatemala,92,0,124,0,0.006812415742735677,0.001312936798659601
msemillagt,92,1,124,1,0.0028287307398548486,0.0018153252641890365
soy_502,71,0,118,0,0.0007819208102325457,0.00046931329305687094
manfredoguate,56,7,117,8,0.0009843444369151732,0.0030926783230446494
jimmymoralesgt,99,0,116,0,0.0010394510326395975,0.00024764763408379
c_smaldonado,57,2,116,2,0.0010717569436739822,0.00011141389507687983
nenucosm81863,56,12,112,23,0.0012592397684687289,0.0005786167355961794
plazapublicagt,72,3,110,5,0.0009219791667273519,0.0006531155912211562
agenciaocote,58,7,109,8,0.0014356151773696913,0.0008455128268989837
avillagran502,89,0,107,0,0.0016892153352329902,0.00034562693473690374
hshetemul,48,0,103,0,0.0008104128291316491,0.00029819123956384175
alex_balsells,46,2,97,2,0.0005049130268683285,0.0002476089886844192
quorumgt,53,3,96,11,0.0012012754865638974,0.000336443967251562
oco_motora,45,9,93,35,0.0009812483382115142,0.0006853313928888105
ojguatemala,68,0,91,0,0.0016777673490855492,0.0013578279132557996
ottoperezmolina,72,0,88,0,0.0008404955420901382,3.148885516114892e-05
magaguatemala,62,5,85,29,0.004810272989586805,0.0005298310147469357
cmendeza,60,7,80,8,0.000506180800912298,0.0006100309810537414
aztecanoticiagt,44,5,79,12,0.0007072284608869485,0.001602600986916959
isapaiz_,39,0,76,0,0.002449684812891716,0.0008314629817104676
volker_turk,67,0,76,0,0.0007235531172640945,9.428064060928767e-05
cidh,63,0,75,0,0.0007037287234156253,0.00046426277790123465
pedgar05,35,1,73,4,0.000693074602383758,0.0005736399101035204
jmenkos,32,0,73,0,0.0011921947969672972,0.0007559711134488668
rele_cidh,58,0,71,0,0.0006954832006463849,0.00014566698348790713
chatagira,58,0,70,0,0.0006420790163401465,8.297966172123745e-05
sandra_jovelp,56,0,69,0,0.0019643287821621614,0.0011561563469925475
maynorestradagt,50,2,66,2,0.001656452523745308,1.9093155436692456e-05
viceguatemala,50,0,65,0,0.0006226595718682278,3.62732948254969e-05
noficciongt,36,7,65,8,0.0007958482527058832,0.004337451991294549
pvacav,55,0,64,0,0.00047177565608738886,7.652119245305345e-05
sonny_figueroa,36,3,63,3,0.0006224389990969414,0.0002826530510506085
marielosmonzon,46,0,62,0,0.00037156262506250846,0.0001997299782175029
pressfreedom,54,0,61,0,0.00029031491612219147,0.00010112985834043173
raulbarreragt,41,0,61,0,0.0006511033630054787,0.00021375496948162194
el_pais,57,0,61,0,0.0010447087388966256,8.98627875045159e-05
guate_opina,26,9,60,25,0.001135992786975601,0.0002482564852048238
unhumanrights,51,0,60,0,0.000462761242725806,2.806547379533731e-05
concriteriogt,40,0,59,0,0.0008934730092877148,8.986904229048226e-05
royalvaradogt,24,4,59,10,0.000759016543719266,2.1793952312135236e-05
darwinhk,27,0,59,0,0.0009609149593099527,0.0001311889821392623
vozdeltuit,32,9,58,9,0.0005064059193063546,0.0013995975538264524
rquinonezl,40,0,58,0,0.0006653997971111628,0.00010068375292717641
cacifguatemala,49,3,58,3,0.0026794600099751937,0.002955654847878945
rsf_inter,50,0,58,0,0.0002753808619765123,2.9231745170204172e-05
guss_marro,23,2,56,3,0.0005747631718604023,9.311540329713563e-05
prensa_libre,32,0,55,0,0.00039618695129031175,0.00019417643362138934
cncguatemala,40,0,54,0,0.0003818865810374178,2.2523272674130702e-05
ep_investiga,27,6,52,10,0.00033461377907348665,0.0010192439537123294
wjmartinv,20,1,52,1,0.0005244182628261049,9.740966831778398e-06
carlosrkestler,21,8,48,11,0.0003736017312540027,0.0003369371771865979
un_spexperts,46,0,47,0,0.0002564932375366285,2.279043541914546e-05
statedept,31,0,47,0,0.005404490559481151,0.0005121406233970398
caoilfhionnanna,45,0,46,0,0.00025271431788613296,1.9918455632680993e-05
wergabriel,22,2,46,2,0.0004665134237179363,7.013033171596777e-05
publinewsgt,35,0,45,0,0.0002753630505194844,3.890030392637569e-05
usembassyguate,34,0,44,0,0.002825068258511957,0.00022425635881312406
jeanellydvg,29,0,44,0,0.0012276453976897415,9.165046761782885e-05
domingo94096837,22,3,44,9,0.0003901830527716677,5.8394984253945406e-05
noti7guatemala,15,1,44,1,0.00024496451412460137,0.0003472854541032808
rafa_mal0072,20,4,44,4,0.0003083601413415991,0.0006136404031399834
benitoc67601310,18,27,43,102,0.0007490950496273878,0.00029097048936717334
vichoguate,20,0,43,0,0.0004641021220166831,4.705957005740877e-05
pmtmuniguate,23,0,43,0,0.0004354494385616559,2.9690741370043655e-05
thelmaaldana,29,0,42,0,0.0002448835075733584,0.00010805578850418028
marvgcaceres,21,0,42,0,0.0002944468035398589,2.44634328748365e-08
monymmorales,21,10,41,13,0.0004964457959533151,0.0008484869972880321
jsandoval1982,24,1,40,1,0.00024706335737658525,8.902634648091358e-05
pialaperiodista,33,0,39,0,0.0007390404363898423,6.931659778419515e-05
vicgarciadice,19,2,39,5,0.0005367735946086819,0.00025930301971790294
guatevision_tv,25,0,38,0,0.00032930360583023936,0.00011078513728954734
pacogoldman,32,0,38,0,0.00031414698346507106,2.5076475071447437e-05
luisvonahn,24,1,38,1,0.0011927512910968792,0.00010954979095092362
estuardosc,18,0,38,0,0.000350706412099196,6.939144680983547e-05
marioquan,19,0,37,0,0.0012477148800222142,8.907926641871479e-05
karinapazgt,21,0,37,0,0.00034797816806935534,0.0002294420136383523
pmt_villanueva,15,0,37,0,0.000305834130091702,0.00021146979963087965
soygeorgegt,18,2,37,3,0.00039759857892381165,0.0006649209114957739
mineducgt,21,0,36,0,0.000499322118186035,2.609901545385062e-05
arronchopa,15,13,36,41,0.00034598639285381643,0.00038974426737147747
justiciayagt,20,0,35,0,0.0018605036004980362,3.7194485771411204e-05
fiscalnvicto,16,0,35,0,0.00016714601043752182,4.355990416900045e-05
mildred_gaitan,14,119,35,398,0.0004202038834101076,0.018003113671373812
quiquegodoy,17,2,35,3,0.00027755329876381684,6.742832103677546e-05
jovannagarcon,19,0,34,0,0.0005807935335349295,1.7513948131247094e-05
cubreserva,12,45,34,155,0.00020236026775019534,0.0017869277566374504
civ_guatemala,26,1,34,1,0.0004393636086197285,4.1536129028176886e-05
anongtreloaded,17,2,32,3,0.00037872386290221206,0.0002656659970034556
tseguatemala,27,0,32,0,0.004355927107524273,0.00012970777204100178
alvaroarzue,29,1,32,1,0.0015157790423475574,0.000899412198164581
davidck7,30,1,31,1,0.0005824456519514757,5.137749622983746e-05
lanegrisgt,18,4,31,5,0.0006224666878439681,0.00013448305448823266
leraovalle,12,15,31,101,0.0002951166523533373,0.0004896202499762264
orellanafredy1,22,0,30,0,0.00028166099952541283,1.3410857218923012e-05
wichomarg,16,27,29,70,0.0003145523740619138,0.00012607668496499114
oea_oficial,25,0,29,0,0.000837171283287989,0.0002661551964671681
elojodelcerro,16,17,29,65,0.00033961179048883316,0.0007953789687111285
marieloscm,15,1,29,1,0.00038931015526999106,7.345602662883477e-05
ramonzamora89,15,0,29,0,0.00024922741057585834,1.7617699307374148e-05
rafaelcarrerra,15,2,29,2,0.00046805367280790185,0.00021286996093739622
almagro_oea2015,18,0,28,0,0.00019482807097043436,0.00017862457099168422
marvindelcid,18,4,28,4,0.00018265908036440738,8.181706456491447e-05
figueroasarti,13,4,28,5,0.00027109473247804517,0.00022643836228349607
j_alexvaldez,17,0,27,0,0.000719580772029984,0.00010009603973075582
lucreciapeinado,23,0,27,0,0.001332904242906301,1.8386697845664545e-05
kennethmz,14,0,27,0,0.0004603878056034447,4.9624031020831e-06
marnguate,18,0,27,0,0.0001970343919961198,6.653732572998905e-05
el_periodico,20,3,27,3,0.00021843787714878601,0.0004795232802719918
ashley_monzon,23,0,27,0,0.0003011965125502011,3.3302234993771824e-05
minsaludguate,16,0,26,0,0.0016869713139279151,0.0003203413858896121
conapgt,12,0,26,0,0.0001577926324331691,2.699565030070088e-06
elimarios_,11,6,26,25,0.000289480165616282,4.472960993092025e-06
jodyreporta,18,3,26,3,0.0003801306853648471,0.0002391281403240905
elakademicista,11,5,26,12,0.0004037023616752195,3.273807711479667e-05
sperezattias,13,0,26,0,0.00024020397330691605,7.473970010165347e-06
ejercito_gt,24,0,26,0,0.0006587109549907113,4.615954783245104e-05
satgt,25,0,26,0,0.0003984894074875089,1.721672124926129e-06
viniciogutierr3,23,0,25,0,0.00023167031964381091,1.9241327448487297e-06
inabguatemala,13,0,25,0,0.0001543883385485873,3.204956686100691e-06
pattyo502,15,0,24,0,0.00017289206275297196,3.968850724075564e-05
crticaconstru20,13,4,24,13,0.000377498782877776,2.615511928244192e-06
alterlego502,11,2,24,4,0.00028228673066108364,0.000775606313934335
perico8461,11,0,24,0,0.0001896488022110462,3.356991768698139e-06
discosbeagle,10,0,23,0,0.00017205706491946172,1.3252482541711471e-05
waltehermosilla,13,1,23,2,0.0005045911113921053,7.894987332500401e-07
comunicaverte_,12,2,23,3,0.00028541743628581736,0.00020401824648774526
48_cantonestoto,14,0,23,0,0.0003014685966835513,2.543110159753796e-05
gxldedibu,10,11,22,20,0.0003963826475734494,8.53976459929079e-05
marielp82893334,10,10,22,23,0.0003578133036095812,0.0003838860865867726
lared1061,22,0,22,0,0.0001930130004060863,1.453405548803847e-06
ueguatemala,17,0,22,0,0.0009099680314587368,2.974849900904794e-05
davidishosi,14,0,22,0,0.00042143295225374977,0.0002332156913938061
lineasfrescas,10,7,22,12,0.000291128971979348,0.0004559089828738794
bernardosilvagt,11,3,22,4,0.00021532147245265852,0.00022262619215297609
elenamotta_,18,0,22,0,0.00024533628477584654,1.7272921467647665e-05
alianzargt,12,0,22,0,0.00013783105865225128,2.431527299366189e-05
elbencho_gt,10,0,21,0,0.0001909396188864862,1.9215770088950956e-05
edgar_ortizgt,11,1,21,1,0.00022866428868392494,1.7855972396548547e-05
aztecaguate,12,0,21,0,0.00015656586306349063,1.122364552612918e-05
rmendezruiz,12,11,21,12,0.0026154087657358645,0.0002510418191933825
alvasol_,10,0,21,0,0.00026822017922705253,2.3083281961124793e-05
bernardocaal2,9,0,21,0,0.000364910609668149,8.471179100753553e-06
diaco_gt,21,0,21,0,0.00019158480298372407,2.4512457790417336e-08
foppaguate,13,0,21,0,0.00033034510291181986,2.3443897920732186e-05
jotapepequ,5,2,20,3,0.00034949310365461157,8.102518177359859e-08
josmchacn2,10,0,20,0,0.00024934529361494675,9.13082492527551e-06
covial_civ,13,0,20,0,0.000576301686735107,3.163150832134543e-05
aliaslajose,9,13,20,20,0.0002649511246096008,0.0002924563389116284
pgnguatemala,15,0,20,0,0.0004478841188397072,3.893716373107654e-05
moratayayoel,13,0,20,0,0.0002749505999361112,0.00022033516860637045
sharongt8,9,3,19,3,0.00029942392825555895,6.82958464323116e-06
comunicalord,8,11,19,42,0.00040383344941492507,0.0011510568139624167
esta_busqueda,10,1,19,1,0.00023670083707283046,7.3892208229638615e-06
raulfalla31,12,0,18,0,0.000583127841370419,0.0002467899349286507
rugar_v,8,6,18,14,0.00019612620513395564,0.0005187080966200439
pdhgt,17,0,18,0,0.00045143169950037523,2.7089071967374806e-05
yoda_baganas,8,16,18,43,0.00019326857909505023,0.0001239354100489758
robrimola,9,5,18,11,0.0002743271739215773,9.216756563049742e-05
alvarocolomc,6,0,18,0,0.0003022071326650966,9.747154159912502e-08
ferdymontepeque,9,0,17,0,0.0005431642581856932,4.36813117964699e-06
alex56gt,14,0,17,0,0.00019756742216232889,2.3373358059598343e-05
jgramajo_soy502,9,5,17,5,0.0002930784096546106,0.00012411723145385844
canalantigua,11,0,17,0,0.00033122268308000873,2.5335961839968566e-05
frattigiovanni,14,0,17,0,0.0005515473059879288,0.00025608472271691356
scspgt,10,2,17,5,0.0011646109937508003,2.875139135696891e-05
abuelodesiete,9,2,17,2,0.00025676969803421426,2.936819571378067e-05
dougcrisgt,9,0,17,0,0.00019407029027875667,1.6502462845405684e-05
maribelmar51429,7,11,17,38,0.00026454125308375895,0.00031671874498806165
munivillanueva,3,0,16,0,0.00010369650100146557,1.7877275817370807e-07
dying_4me,1,4,16,39,0.0001349004099777109,0.0
_ojoconmipisto,10,1,16,1,0.00018454605222746173,1.190588402813232e-05
jv19887788,1,4,16,40,0.00013578068896119664,0.0
hsanchezgt,8,0,16,0,0.002116182302020905,1.5226096042951505e-05
cnnee,12,0,16,0,0.00019513464575317987,1.7498917360735895e-05
marjorievonahn,10,0,16,0,0.0002133851858655648,4.4814867080719875e-06
_newsgt,7,12,16,40,0.00023829245396852087,6.537989601207266e-06
arbencista1944,7,3,16,8,0.00020983920717729078,6.929471340027807e-06
whaasstsecty,12,3,16,3,0.00023443384952299469,9.44639642717462e-05
joditocruz,10,0,16,0,0.00022697955963401492,5.445058753283295e-06
netobran,14,0,16,0,0.00035084401833201945,2.363463329020173e-05
nery_ramosr,12,0,16,0,0.00023765620122066504,2.324327484805524e-05
soyfdelrincon,14,0,16,0,0.0002932527693607612,3.600811893943567e-05
maestro_roshi_3,8,5,16,8,0.00022332769385490517,1.2244129107522614e-05
mariamartaumaa1,8,10,15,34,0.000268482542298494,0.00012236492497297112
doctoracc,8,0,15,0,0.0001589906653220043,4.367747527976963e-06
provialoficial,12,0,15,0,0.00019906924254448866,4.123675398457443e-06
voxpopuliguate,14,0,15,0,0.00014100852184289683,3.585372412676817e-05
extasisvgames,8,20,15,38,0.00016189534671243912,0.001104244244881719
chepezamora,14,0,15,0,0.0003480990723293651,1.8313392330964654e-05
camagroguate,15,0,15,0,0.0006843421834448998,0.00025030536875610663
tato100360,2,2,15,3,0.00013239943156110332,0.0
papxigua,7,0,15,0,0.0002440597459881537,1.7872199252024603e-06
_guisii,6,4,15,11,0.0002856466144823044,1.5932582568957115e-06
coronavirusgt,10,3,15,4,0.00020937656197479927,0.0008867433978896403
claudiapazypaz,8,0,15,0,0.0003075011750582486,3.0510777766320206e-06
arceydooley,2,11,15,55,0.00035305818300660705,0.00012073554363482913
josechic86,9,0,15,0,0.00016426436629198742,1.2576077852798013e-05
frankguerragt,7,1,14,2,0.00031022232655533656,2.5279434862134353e-07
kalemarro,4,13,14,33,0.0002632593328870989,0.0003024920684314898
tn23noticias,10,1,14,1,0.00019156844097611235,0.0003409527047986508
aleexxcarrera,6,12,14,36,0.00025145433267550007,4.0148139531579236e-06
jpablocast,7,0,14,0,0.0003159787589222876,2.4027285658608773e-06
yoeldeleon23,5,0,14,0,0.00017806828337978711,4.097674681031528e-06
petrogustavo,10,0,14,0,0.0002907998189040801,5.916712165782767e-05
dfernandezg,6,0,14,0,0.0002469310198008412,4.683050862395278e-06
jojosamgt,7,0,14,0,0.0002800735520026795,0.0
jennteinforma,7,0,14,0,0.00022453886844284735,7.904995127685319e-07
purorojoybarca,6,0,14,0,0.0002579438666364744,2.2647452123560357e-07
puertoinforma,6,13,13,18,0.0001359054124386263,1.7104294975121373e-05
porqtendenciagt,6,1,13,1,0.00027378526078923674,1.7224878042668207e-06
fiaheisenberg,7,0,13,0,0.0002249889720336103,2.2318188167672428e-05
sw_jrh96,7,18,13,45,0.00037722607839720516,0.00025869994903070844
_chrisguti,12,0,13,0,0.0004908872977168047,1.2198092495110782e-05
jadieguez84,7,1,13,2,0.00017621583742474865,4.15663510233963e-07
bermejogt,7,0,13,0,0.00012736285708403274,1.0241359895972587e-06
caminos_civ,4,0,13,0,0.00010591815789837627,9.945683676039891e-08
nuestrodiario,6,0,13,0,0.00012648752901532956,3.577857287458359e-06
byron96324753,6,9,13,56,0.00022012201916084785,8.625336459440586e-05
carlos_ruano_,8,0,13,0,0.0002001298676820585,3.641274232855486e-06
diegoespana_,9,1,13,1,0.00018940364441907888,5.1696520647669625e-06
rmensoruin,7,1,13,1,0.000201778503236263,1.2378757895952927e-05
ninomatute,8,1,13,1,0.0009815253692954805,0.00023635306968367183
hfmarisol,8,0,13,0,0.0001172937527884414,2.694727339032695e-07
nonoscallarangt,11,0,13,0,0.00015476560671676012,2.562971712121999e-06
secblinken,5,0,13,0,0.00019044381837150047,1.4203462334322291e-06
rafaeldelaguil8,6,26,13,57,0.000634297089865523,0.0009799362812898142
guatevisible,7,4,13,4,0.00019689256885630616,0.0003305472363119225
csarmolbar,7,6,13,21,0.0003089604012156196,7.619862035921238e-05
yovapower2,7,4,13,5,0.0001778239910467223,1.560763680865516e-06
infogt_noticias,7,0,12,0,0.0003037236395848147,9.717210436709333e-08
munimixco_,10,0,12,0,0.000239816036556056,1.0119968738877772e-05
cesa71183,6,28,12,57,0.00020830540626387662,0.00010783360194586087
marcoan14818708,3,8,12,29,0.00011131898871349661,5.2924618650064e-05
brendah2o66,8,1,12,1,0.0002558284360329454,4.9645850705967975e-06
wuatemalteco,7,1,12,2,0.0001582052026224276,6.09556907082306e-06
emixtragt,10,0,12,0,0.00026085713876406857,1.9216663038318706e-06
oacnudh,11,0,12,0,0.0001825955579886104,1.1058126836248838e-05
aldodavila_gt,11,0,12,0,0.00012712531541614471,2.754479727126194e-05
pams1996,5,0,12,0,0.00021345462868703653,7.56586266014526e-07
yulimunozgt,6,2,12,3,0.0002963081196952995,8.372181244831071e-07
gberganza2023,6,2,12,2,0.00018074576213109023,1.8404904743460986e-05
arlettg_,10,0,12,0,0.0003721656778191017,3.290312665986604e-06
festivalesgt,7,0,12,0,0.00015850246294731076,3.382135361570315e-08
_kimberly_lopez,6,0,12,0,0.0001629598256019357,4.055589446282639e-06
fenanu,6,0,12,0,0.00021413554060118557,6.8870946831567595e-06
ronyveliz692,6,5,12,5,0.00018918194144577086,0.0004233237484632106
larrryto,6,0,12,0,0.00019537231256379554,1.978552992365239e-07
rcurruchic25741,10,0,12,0,0.00013252333292621083,2.1072813807004855e-05
ronald_mackay,10,0,12,0,0.0001685421343498702,4.380431162180945e-06
48cantonestoto,12,0,12,0,0.0001465660342194064,2.973834737588411e-05
josecsagt,11,0,12,0,0.00023452050758422714,5.9471429252506565e-06
gtliberal,1,1,12,2,9.339775457253212e-05,2.267459070939786e-05
liberalucha,6,1,11,1,0.00020822992138291554,8.574423601004577e-05
rsf_esp,5,0,11,0,0.0001065531681132641,9.747632238526982e-07
ufmedu,10,0,11,0,0.001433476726309344,7.637712286045397e-06
kimyorion,9,0,11,0,0.00012828031552112717,1.86075918426678e-06
diegoedeleon,8,0,11,0,0.00021686093595523409,7.681323271664397e-07
minexgt,11,0,11,0,0.000192684968019227,1.5412394076149355e-05
empagua_gt,11,0,11,0,0.00018182519701489752,4.829112846163994e-06
gobiernoguate,11,0,11,0,0.0005657674722202948,3.801270584884225e-06
goyo_saavedra,6,0,11,0,0.0002450358767044431,0.0025735736498141894
bensywulka,5,0,11,0,0.0029551057165554556,4.239660457214726e-06
clousgario,7,0,11,0,0.00014924624799164175,1.932520325747724e-08
op_ocultomejor,6,9,11,19,0.00023919142803011564,0.0001813367255355326
coromboncote,6,0,10,0,0.00011199721660409061,2.300449731681853e-05
omaricelaa,5,6,10,13,0.00022127567632189288,5.0859609064136936e-05
elmar_iguano,2,0,10,0,0.0001535042821503692,1.919017463058914e-07
mmaczdca,1,0,10,0,0.00026214194512416645,0.0
merce_moon,8,0,10,0,0.00017654016659631046,2.0779074237696382e-06
tropicoferoz,4,0,10,0,0.00029926235634663,1.8377687398245646e-08
laurafmarroquin,8,0,10,0,0.00014382030775262662,1.0025007607749004e-06
haniasieradavid,5,6,10,7,0.00014664107042947115,4.370546444652956e-06
rosental,8,0,10,0,0.00011690695170435585,1.617208327468645e-05
leivaslsergio,5,4,10,5,0.00012872309104777272,4.647739107776993e-06
republicagt,6,2,10,2,0.0002261182922508298,0.00019457819607713429
axelgar56163124,4,11,10,42,0.00021118551534235572,7.175551476949399e-06
autoridadesgt,5,3,10,3,0.00010243120883738353,8.337708914197371e-05
anti_chairosgt,3,30,10,83,0.00012620087507249318,0.001132090651228546
hellboy17oc,4,32,10,129,0.0002078839389890838,0.003219406456952878
salquevedo,5,37,10,92,0.00015494387058865322,0.001742541313414544
elsancarlistagt,5,0,10,0,0.00014219425776367382,2.2483141391418554e-06
geme40241783,4,3,10,6,0.000391736368023407,0.0
eriol_gt,6,3,10,3,0.00016771515262740985,3.7326686762351966e-06
alegutierrezv,8,0,10,0,0.00012629141044191903,1.4467073978226779e-06
peterfuentes21,5,4,10,5,0.0001857891699207089,5.105495996754038e-06
nilrilesor,7,34,10,101,0.00011440488084128362,0.0017619465000956315
santosdalia,5,0,10,0,0.00018457590732422866,2.9146018508009228e-06
wendiv_dca,1,0,10,0,0.00026214194512416645,0.0
adolfoalbertoc2,5,1,10,4,0.0002524759872823942,0.0
cmiguate,4,0,10,0,0.00014668517902165554,0.0
lhazmitia,4,2,10,3,0.00012529893579319205,1.912827383932904e-06
erickdelcid77,1,8,10,30,9.869662917786639e-05,1.2454656184175544e-06
minfingt,7,5,10,62,0.0003989369839695559,0.00042983694150299157
luisala61253973,4,0,10,0,0.00011489414660210826,1.0833862371299126e-06
danydoggy,5,2,10,2,0.00023723223841171825,0.00011831209783217716
javierr07772901,4,13,10,35,0.00013786501828447705,4.068394629025294e-05
patrici07680625,5,18,9,43,0.00013086937471061346,6.789265531258537e-05
chlmnews,5,1,9,2,0.00017004061302746027,2.2939287152353096e-08
lucifer4165698,6,0,9,0,0.0001358374707395993,5.192084973547685e-07
transmetroguate,3,7,9,14,9.919432116770936e-05,0.00020828830300469322
telediariogt,7,0,9,0,0.00011303115691132498,1.4663336299673674e-05
alba_keneth,6,0,9,0,0.000202268972006767,1.9959883794883796e-06
vocsindigenasgt,4,0,9,0,0.0001339965222541151,3.0055297758233857e-08
ligiaiveth26,5,0,9,0,0.00013972944038732562,5.212752549087614e-06
ronactual,2,4,9,10,0.00016524515048895046,2.187756071623707e-05
xelanewsgt,5,3,9,4,0.00017372962445699844,9.458180762904016e-06
lectergt_,5,3,9,3,0.00014525131484961054,1.4192539457315447e-06
orlandoblancol,6,0,9,0,0.00013806910792249824,1.3871341720009045e-05
fdezgmo,4,0,9,0,0.00013588099423019357,1.212870411357437e-06
ivan_velasquez_,5,0,9,0,0.00018286036776274533,6.761267848168975e-08
chairohater502,5,4,9,4,0.00013963880980314433,8.666749919967783e-06
bomberosmuni,8,0,9,0,0.00017148540043997475,1.5388668995374861e-06
herman5818pb,4,0,9,0,0.0001797150374271447,4.963239395566669e-07
jul_sando_1962,5,8,9,14,0.00011528370138526016,0.0002683333969923788
rochaeta,7,0,9,0,0.00014105076973581576,1.0143640608328636e-05
emetragt,5,0,9,0,0.00012617957252040982,0.0
marcoanmo72,5,8,9,36,0.0005534681478275883,0.0001929992886610452
abner12a,5,0,9,0,0.00014591296981731052,1.0587682554807801e-08
elsacoronadogt,3,0,9,0,0.00010049242944794895,2.1577409351086816e-06
ingamedina,4,0,8,0,0.00022120368152948186,6.396724876863046e-07
t1eetc_noticias,4,1,8,1,0.00024827718767073256,9.439465033118728e-06
nayibbukele,6,0,8,0,0.0010460009333709583,0.0008896860678121022
elchuchoqueesc1,3,2,8,3,0.00013090466997383042,0.0004567676862741997
allanerodriguez,7,0,8,0,0.00011601354322427867,5.758062297437089e-06
gersintos,4,3,8,12,0.00019960100571936735,2.2446610242094993e-05
spaceboy88fly,3,21,8,67,0.00011832768967035286,3.213882107388621e-05
sankevins,4,0,8,0,0.00016797629355814212,3.978254637090267e-06
noti_atlantico,6,0,8,0,0.00014022712541661143,9.737906991805796e-06
lord_mirtilius,4,0,8,0,0.00014918551683551723,0.0
ravila_gtv,4,1,8,1,0.0002219550416814362,9.561917485060835e-07
luis_sutte31199,1,16,8,49,0.00010078670045724075,0.00020137822305592139
napolenmndez1,5,3,8,3,0.0001324942706957602,1.398184299255688e-05
daviidvx,4,14,8,26,0.00013592467238756766,6.651366970069006e-05
carlos_hoffman_,5,0,8,0,0.00012295415530677462,1.4979491181296334e-07
javi_urizar,4,0,8,0,0.00013449967578702004,3.9497480639195027e-07
meme_punisher,4,8,8,16,0.00012752541630686758,0.0002799144072164569
jcarlos223020,4,20,8,45,0.0001698744208241492,0.00018161200933915943
jocasbe,4,0,8,0,0.00014483743800720338,4.161951290250394e-07
dimb502,3,15,8,57,0.00013016302814367747,3.035079089313965e-05
evelynmorataya,6,6,8,7,0.00015177972431779788,2.6359020134051767e-05
susanamorazan,8,0,8,0,0.00014567069328419544,1.2692928896543866e-05
onu_es,6,0,8,0,0.0001370249937387367,8.721487811778733e-06
viczacariasgt,4,0,8,0,0.00017225955762200775,7.602899338330798e-07
leomarksal,4,9,8,19,0.0001336104082361016,0.00010829598192627889
jovillafuerte,4,0,8,0,0.00015700570899139358,3.817652280042455e-06
rrobertovillate,4,4,8,5,0.00013757773789909597,1.8039907792848415e-05
alejandrita_go,4,0,8,0,0.00019021378732661122,0.0
_cristiangt,6,0,8,0,0.00014603756437125056,1.253876445690981e-06
mpresaspresosni,3,0,8,0,0.00012765712609936103,0.0
amnistiaonline,5,0,8,0,0.00011466811223575314,1.4234697714019175e-06
ialmgg,3,35,8,122,0.00010942276452059638,0.003497534337021782
blogcatarsis,4,0,8,0,0.00017837717862968384,2.8095370077267828e-08
rocasgt,6,1,8,1,0.00014542758220835306,1.6818957798737543e-06
medina1979,3,2,8,3,0.00015170479660251421,0.0
vvj_gt,3,26,8,87,0.00011755239035906307,0.001178000433783561
nahual_social,3,0,8,0,0.00014630633995894922,0.0
sa_gunnison,2,3,8,12,0.00015570123598516523,2.1833805594804596e-05
piero_coen,5,8,8,9,0.00013158559031449312,2.7630609059662735e-05
franco_david74,2,0,8,0,0.00013285344554778811,0.0
giovannygali,4,2,8,3,0.00015138670223158006,0.00030729778345966536
soyelvendedorx,2,8,8,22,0.00016273200384426227,5.494084401203493e-05
contraloria_gt,8,0,8,0,0.00032921521749926594,4.486877735190691e-05
leodelatf,2,0,8,0,0.00011751457119326924,1.8276356791037275e-08
noel_solis,7,0,8,0,0.0005911463160896415,5.444176144567018e-08
elecctorr,1,5,8,9,0.00013873710372864058,1.1462032429803688e-05
jmilei,5,0,7,0,0.00024349597391938872,0.00019605025084299695
quiquenaveda,6,0,7,0,0.000179674993936507,9.591699254591856e-07
pfacticos,4,27,7,60,0.00011308669752310889,0.0016627907376905212
cpjamericas,5,0,7,0,0.00010722647652418234,2.0770994996662625e-06
gabrielboric,6,0,7,0,0.0001811598688091788,2.7174657671913678e-05
joealfmorataya,3,5,7,13,0.00018224205235728717,5.334083969089177e-07
odhag_gt,4,0,7,0,0.0001308168346822659,3.9257901266710844e-06
pepefutbol15,2,4,7,9,0.00017497200780492244,0.0
pablopepablo,2,4,7,13,0.0001880001207022031,0.0
transitogt,4,0,7,0,0.00013982557276690468,1.6016701438707188e-06
marcoscahuex___,2,0,7,0,0.0004064666936739081,0.0
moccachokolata,4,0,7,0,0.00012222535618142713,1.8294493818162953e-06
dw_espanol,5,0,7,0,0.00013587522598417878,5.463742683976054e-06
ralphsly12,4,2,7,3,0.00016066981349541508,0.0
armandoleongt,7,0,7,0,0.00028219693232700864,9.974528962755678e-07
visioninternaci,3,16,7,28,0.0001702355622230238,0.0009331965588767039
facticagt,4,1,7,1,0.0003001673452761439,2.1441581772374152e-06
sib_guatemala,4,0,7,0,0.00015861081521665034,2.2028340537263973e-06
nideaya113303,1,0,7,0,9.827880306130914e-05,0.0
alejochrislu,4,2,7,5,0.00010908137989048275,4.573718082853655e-07
ligiaihernandez,5,3,7,3,0.00040915710890311146,3.1191996446221323e-06
templario_gt,3,11,7,23,0.00011153033149219463,0.00013872901726809245
minecogt,3,0,7,0,0.001764272554806644,0.0
goool_deportes,4,5,7,10,0.00014626664274673985,4.7924754266127994e-05
jaehsaurio,2,7,7,28,0.00012986914270059793,6.297651243052884e-05
sonora969,7,0,7,0,0.000144954041970271,5.885969699251276e-06
denunciaempagua,5,0,7,0,0.0001594045397430073,2.6379244376684477e-06
johanordonez,2,0,7,0,0.00010000564446523366,0.0
granillocarlos,3,0,6,0,0.00013545763006547897,1.3728401215839284e-08
lulaoficial,3,0,6,0,0.00012240801092501687,3.438239621313887e-07
dulcefuent26861,1,3,6,14,0.00014765890672451933,9.607420660961248e-08
vadenuezotravez,3,0,6,0,0.00010073578910600652,1.6798362425041972e-07
secretariasesan,1,0,6,0,0.00019277428804553555,0.0
nydiafer,3,5,6,6,0.00014025352493434603,1.2494827985206454e-05
matreg8,3,3,6,3,0.00015473938359457877,1.8855601280981454e-05
justintrudeau,5,0,6,0,0.00010865725002670844,4.6169443946792466e-05
andread_gtv,4,4,6,4,0.00019635622981196583,0.0005321210949249716
anabanana96,3,3,6,4,0.00019167171013765433,1.4890880786003943e-06
jpgramajoc,3,0,6,0,0.00018655715867423788,6.81862991014282e-08
kaddv,3,10,6,20,0.00011082331281718212,1.6268900626431262e-05
ivanbarber504,3,5,6,10,0.0001825431445979128,1.6425767178100743e-05
soyleyenda_1_,1,4,6,9,0.00010383848102957124,5.007425070347713e-07
carlitosamiel,3,2,6,5,0.00012052832075181349,2.34459603445021e-07
rincon001a,3,0,6,0,0.0002020903919424542,0.0
srfanon,3,0,6,0,0.00014540659718502173,0.0
guillepefe2012,3,11,6,31,0.00011744835806438855,0.0002847649277756414
iduvina,3,0,6,0,0.00012090404946415268,1.6063538434370664e-06
haverramirez,1,6,6,7,0.00010383848102957124,0.00026043388070363645
polaris_2111,3,0,6,0,0.00014857644543276292,5.626907418254228e-07
myeyes_adoredu,3,5,6,6,0.0001920132728744662,6.421431525688922e-06
brucewayne_maga,3,0,6,0,0.00016080554408616366,9.416388620150382e-09
mamenaldo,3,0,6,0,0.0001581447725374596,2.5586899507452183e-07
glenda9910,3,0,6,0,0.00010880200731918353,3.891267967872428e-06
magmoraga,3,0,6,0,0.00019175006454060084,3.972702818262313e-07
de_don61347,2,21,6,43,9.976579300382903e-05,0.0002578671448974175
enriquegw8,3,4,6,5,0.00013562016424399493,9.363891379487933e-07
gt_theos,1,9,6,19,9.712040165091258e-05,6.5404508663841995e-06
josejorgemonroy,1,15,6,50,9.647517776761625e-05,0.00027990174425883283
zapataadr,3,0,6,0,9.590724537508565e-05,1.3645366917147785e-07
cintiamariaalv2,3,0,6,0,0.00010448700012609109,2.5530807751978747e-07
gdialectico,2,8,6,26,0.00018279517446221348,3.036727782299654e-05
impactonoticigt,3,0,6,0,0.00012577051245015348,8.884853187491511e-08
jksandoval_,3,0,6,0,0.0001869747133404722,0.0
maximogeronimo6,3,3,6,4,0.00011425565702538674,3.893218782165109e-07
kikegt2023,3,17,6,42,0.00016134203844808312,0.00034314917424546593
flinaresb,4,0,6,0,0.00018689344625121422,2.151525604043058e-06
chocolateecurls,1,6,6,19,0.00011398469798314304,1.949001290587723e-05
jordanrodas,5,0,6,0,0.00010793495555366526,1.950446364935217e-06
jlillescas,3,0,6,0,0.00012200783207639808,5.35057543568708e-07
ramiromz,3,0,6,0,0.00012687591839481566,1.5799933149658026e-06
soygtm,3,6,6,10,0.00015715309054648973,0.00011961216863217546
carlosernesto_c,2,0,6,0,9.701426915022666e-05,8.592615506233942e-09
wilsongg16,2,3,6,4,0.00013439095167020148,0.0
jrafaelrev,2,6,6,21,0.00011290824446688356,1.3995146659655964e-06
marlonmezateni,3,0,6,0,0.00015926263590350522,6.719650643956462e-07
jazmindela_vega,3,8,6,9,0.0001285140503165486,0.0003023427653713232
expo_corruptos,3,0,6,0,0.00012397474085023614,6.158846048350068e-08
marinac91262,1,13,6,56,9.922458847322655e-05,0.00013445193538551278
leonkrauze,5,0,6,0,0.00010447167139365334,3.4327537506944215e-06
patriciajaniot,5,2,6,2,0.00013428202847729008,3.408782824216015e-05
javieranath,3,3,6,4,0.0001201735467842602,2.668529433728307e-07
ergt2020,3,3,6,10,0.00015664221932146634,7.676069852235656e-08
miquelosj,3,0,6,0,0.0001852243305595758,2.975263393997334e-06
quetzaluman,2,3,6,7,0.00011192089052797075,1.0694214964415e-07
fctguatemala,4,0,6,0,0.00012774380563265148,9.186900641838878e-07
guate_inmortal_,4,0,6,0,9.665859494175478e-05,7.948030184991665e-07
robertoarzugg,3,0,6,0,0.00010661078815085641,1.6883715417058274e-07
mariotaracena,4,0,6,0,0.00010960734320545113,6.576412509078536e-06
jorgeenriquegt,2,2,6,3,0.00011472321766091358,0.0
elialdana9,3,1,6,2,0.00016018314197221563,0.0
luisficarpediem,3,1,6,7,0.00020878854759666187,0.0
banthonycc,5,5,6,8,0.00016072253722876248,3.0917904867680604e-05
daniel___sa,1,2,6,10,0.00012639006766545005,0.0
mjaguilare,1,3,6,15,0.00012921482052571776,1.65438446448519e-05
astridv80039430,3,0,6,0,9.619042043806767e-05,2.0858345851781357e-06
czardetto,3,0,6,0,0.00011955885685100128,1.729960707450458e-06
droscarcordongt,3,0,6,0,0.00012597384209855518,2.1468386909800056e-06
egutierrezaiza,3,0,6,0,0.0001531443850407982,0.0
marcoarbencista,3,3,6,4,0.0005422273772385555,0.0
betocardonam,3,8,6,15,0.00018319579368997668,5.48696046702391e-05
billyc2023,1,33,6,90,0.00010552407128157197,0.00041908005681636065
luisalbert98610,3,9,6,27,0.00014654336352394547,1.6216321191115464e-06
mustafarcastle,3,1,6,4,0.00012994738043299467,0.0
perez81183,3,6,6,12,0.00010076760429857625,1.4514864741993542e-05
romeoruiz__,3,2,6,2,0.0002020903919424542,6.160317102828503e-07
01lu88,3,5,6,14,0.0001481144271715528,0.002187491432957756
lopezobrador_,4,0,6,0,0.00014533403728389852,8.64873761411422e-06
apariciolopezde,3,0,6,0,0.00012875146376556228,6.00790395557488e-07
vanessaherrer02,3,22,6,49,0.00013262061740089567,0.0005986593980773614
91072dff5a5a4f1,3,9,6,18,0.00017941687403948123,0.0006071682286352628
asodeguaong,3,2,6,3,0.0001750981087246292,0.0
jer21668,3,13,6,46,0.0001009217171866927,3.984955628910172e-06
_franciscorm,3,5,6,11,0.00011272322554393651,5.062854459009581e-07
garridohigueros,3,6,6,7,0.00012218400548667758,0.0002987288564121366
adolfof92932835,3,16,6,25,0.00012729609248809403,3.255370903678971e-05
manuelcevans,3,14,6,33,0.00012376348548232796,1.7520528051354892e-05
alfarito007,3,2,6,3,0.0001235454945791367,0.0
galindobarrera_,2,0,6,0,0.00013047446583240994,1.4761672792760878e-08
doctoraclaudia,3,0,6,0,0.00014775339369897967,0.0
87kikin,1,15,6,41,0.0001180584806729948,0.00014067597803119414
s,6,0,6,0,0.0005456292979307404,0.00021613158385227403
monical01111764,1,5,6,18,0.0001034105361610722,2.6346136272902453e-06
cobrejacinto,3,8,6,15,0.00013718026716534148,1.1590094675421427e-05
ramiro_mar75642,5,0,5,0,0.00011168252203373161,9.081322154757673e-07
jimmi_paz99373,1,6,5,21,0.00011998174074074634,5.64933417512383e-07
miciviguate,5,0,5,0,0.0005021418920555901,1.613403811680663e-06
bvoluntariosgt,5,0,5,0,0.00012930360109616518,6.162594960505334e-08
amaldonadogt,5,0,5,0,0.0005357841446752482,0.0
adiariogt,2,0,5,0,0.00010606567038880046,0.0
fiscalgeneralgt,2,0,5,0,9.615563668239301e-05,0.0
powerusaid,2,0,5,0,0.00011686027295829455,6.141627116510253e-07
bloquevamos,5,0,5,0,0.00011168252203373161,9.063159510448157e-07
lamichiedl,3,0,5,0,0.00011838823446650318,4.029168700168756e-07
brenda_agn,1,5,5,9,0.00028853280893214206,9.645303740394674e-07
mcdguate,5,0,5,0,0.00015766881809098032,1.0236579735570742e-06
guerrerogarnica,4,0,5,0,0.00012810024052478146,1.9264141662544872e-07
landivarianos,3,0,5,0,0.00010812398426950515,8.144281219470232e-07
soniagraguay,3,0,5,0,0.00010042055250812822,1.6873672387726212e-06
gtcodeca,4,0,5,0,0.00012999532080987654,1.232209598918991e-06
olavdirkmaat,3,2,5,3,0.0001056735017779819,1.5700022983882544e-06
transito_mixco,5,0,5,0,0.00023577181340669166,2.6772468590332363e-05
manu_diaz,2,1,5,2,0.00011440076357391863,0.0
albertologos,3,0,5,0,0.00016913285527483374,0.0
codimech1,2,4,5,11,9.550311820957728e-05,1.3922439090438739e-05
ruano_pine,3,0,5,0,0.0001424464037498527,8.371297286829062e-07
mjcolman,3,5,5,10,0.00016653857493817065,1.5002885069279285e-06
dan_vikingo,3,6,5,20,0.00011634027835054136,1.246075716365877e-06
duvaliercasta,4,0,5,0,0.00010867387712688558,2.77795526498344e-07
srmindefgt,5,0,5,0,0.00013389718925840187,1.3346052432721176e-06
beteta2_hugo,3,8,5,9,0.00012829763722793942,5.461030305417686e-05
ximeenriquez,3,0,5,0,0.00014567309526920154,8.786699544653238e-08
_vaclavmasek,3,0,5,0,0.00019813185454052245,0.0
bcie_org,5,0,5,0,0.00010374448345973751,9.039171412440077e-06
ruda_gt,3,0,5,0,9.997265207912733e-05,2.318441658134403e-06
acguatemala,4,0,5,0,0.0004026031157749949,2.6787897039320468e-06
joelin_enriquez,3,3,5,4,0.00015575372178602527,1.4133606306787071e-05
jdouglas182,3,3,5,4,0.0003319726939823149,3.7340767921717267e-06
pedrobrologt,5,0,5,0,0.00010326000658146886,1.0375494519671308e-05
ottochacon5,2,7,5,15,0.00012273307928204873,0.00012471252477462184
cedeguate,4,12,5,13,0.00012559922637501555,6.139184644567108e-05
alexsg8512,2,0,5,0,0.00011141691423425336,0.0
tacticayseggt,4,0,5,0,0.000137637129976505,1.228171176357705e-06
derekurizar,3,0,5,0,0.0001757992686788981,4.0025221372371626e-07
banruralgt,2,0,5,0,0.00011141691423425336,0.0
72_cpineda,5,0,5,0,0.0003010282409293213,1.2115292049949681e-06
mvillacortaof,4,0,5,0,0.00012005817371347623,2.647141657459357e-07
bbcmundo,5,0,5,0,0.00011403231498186941,1.4141775785857238e-05
rodas_srodas1,3,3,5,5,0.00013597412036336112,4.3566065410291776e-05
pollosdb,2,37,4,74,9.89495529782858e-05,0.0012268312285362542
limajuanillo,2,3,4,4,0.00011818642323824832,5.330367786500372e-07
zuryxguate,4,0,4,0,0.0004550326020267732,3.928285898699656e-07
renuncia_yagt,2,0,4,0,9.783679728241065e-05,1.8210138107011777e-08
jhorres,2,3,4,11,0.00022250218311663627,1.3931775647999485e-06
mmendoza1970,2,0,4,0,0.00012280717574578392,0.0
barevalodefake,1,0,4,0,9.443559211703813e-05,0.0
noti_mixco,3,0,4,0,9.989637521051205e-05,1.3439976799893726e-07
exeticmaster,2,3,4,8,0.00013792843009135185,2.2682763636447974e-05
elpais_america,4,0,4,0,0.00018898663354611326,2.7303880067577045e-06
carcamito10,2,10,4,21,0.00011246802129691473,8.406385011507379e-05
udarthjokerr,2,3,4,11,0.00015221697240273407,5.265015524814655e-05
estaciondoblea,2,39,4,58,0.0001265119989325442,0.004106309822164517
alessandromecc3,2,0,4,0,0.00010320866108782197,8.407360427769404e-08
f4c4745470d54da,2,4,4,5,0.0001159183588848453,5.007425070347713e-07
ivanhergarcia,1,11,4,19,0.00014271128788945133,0.00032558638606031647
andrespaniagua_,2,4,4,6,0.00015755303013114712,8.471612174615016e-05
jav_jos02,3,2,4,3,0.00017889839130436563,0.0
cbarreda01,2,0,4,0,9.357050743378045e-05,2.4003848796905184e-07
puremagaman,1,6,4,19,0.00014488496596104473,0.00040563729820658847
fisher2069,2,3,4,6,0.00010959683478270723,3.669749986712825e-06
acnur_es,3,0,4,0,0.00010818996426347516,0.0
mintrabajoguate,4,0,4,0,0.00014049993890781856,1.4406325830168328e-06
chejojavier,2,0,4,0,0.00010338240452002867,4.778059809269093e-07
nicaraguaudj,3,0,4,0,0.00010818996426347516,0.0
_nuevogucumatz,2,0,4,0,9.69378451460577e-05,2.887529068507151e-08
raceandequality,3,0,4,0,0.00010818996426347516,0.0
paolaca77274285,1,0,4,0,0.00011620585443119287,0.0
sorayarr_,3,0,4,0,0.00010818996426347516,0.0
arthur1949asd,2,9,4,22,9.733222279812578e-05,2.0792445811880847e-05
yopropongoguate,2,3,4,6,0.00017429630972685546,1.632203743084284e-05
mariaro33203569,2,2,4,7,0.00012315639216774023,0.0
estuardovalle83,2,5,4,8,0.00011764899511261772,1.9707979399755625e-05
alejand19809867,2,3,4,4,0.00014918551683551723,4.716263507614303e-06
t13noticias,3,0,4,0,9.86666664804316e-05,9.54614536437148e-07
drbmo,2,2,4,3,0.00013522667400025267,3.0713275872136816e-05
kroldegarcia,2,36,4,94,0.00012803759928013502,0.001319513965747287
alemarro1991,1,17,4,41,9.675792988236761e-05,0.0003495726575835464
luchopo81993102,1,20,4,41,9.675792988236761e-05,0.00022216154379961565
igss_gt,3,0,4,0,0.00013577405689944497,2.9723682573423506e-07
mys_servicios,1,4,4,7,9.432120190980479e-05,4.504203858328911e-06
santiagotelesur,2,0,4,0,0.00011237758769226292,2.096567583511007e-06
aleph_____,2,12,4,31,0.0001345012263283835,0.0003680316097850094
doccoke77,2,0,4,0,0.0001481058255068042,0.0
gersonbarrera,2,20,4,49,0.0001339076940306752,0.0005578162998247584
interiano1saul,2,0,4,0,0.00010966629394788946,0.0
hugo81767829,2,2,4,8,0.00011105278218051718,0.0
aolalexthegreat,3,11,4,12,9.989193534890302e-05,9.751025317007366e-05
carlespgt,2,16,4,27,0.00011546592610801892,0.0001694007550129875
insivumehgt,1,0,4,0,0.00010650595372403864,0.0
drmarcopaez,2,0,4,0,0.000143717205225864,1.2793449753726092e-07
orlandmejia1,2,11,4,14,0.00011139876245515784,3.1484574943024524e-06
un_hrc,3,0,4,0,0.00010818996426347516,0.0
suchiniluis,2,3,4,8,0.00019412265304698386,1.9228631894377895e-07
silviam56972404,2,3,4,6,0.00011347362119106853,3.2634748797143027e-07
olgafrojas,2,0,4,0,0.000219945198496066,0.0
rodrigoarenas,3,1,4,1,0.00010553098012614011,1.0746134204304838e-05
mpguatemala_en,4,0,4,0,9.583296339053845e-05,6.105610998396336e-07
rspradoc,2,0,4,0,9.608685097727278e-05,8.313377776631673e-07
wichochicken,2,2,4,3,0.00010958772398958797,0.0
pedropabloygt,2,2,4,5,0.0001403392783994021,1.277062405240517e-08
luisperea11,1,0,4,0,9.337378045896831e-05,0.0
cangguatemala,4,0,4,0,0.00010045495434422193,1.584241668518959e-06
anibalarguello1,2,0,4,0,0.0001042861293217984,1.1535079818979395e-06
claritadeleon,2,1,4,2,0.00012187122041439186,0.0
miles_mayhem_,1,13,4,33,0.00012129162821705218,0.00037587979967186814
tamara_suju,3,0,4,0,0.00010818996426347516,0.0
germanzzo,1,14,4,34,0.00010583164201268889,0.00027414184515672
patriziiamf,1,3,4,8,9.418337421828631e-05,1.9535702098696224e-05
gerardoocana,2,4,4,10,0.00014630416529574252,0.0
josevilledagt,2,6,4,6,0.00011206318850417909,7.213896936701922e-05
maluvaa_,2,0,4,0,0.00012577638869543591,1.5991812192157618e-08
buenafeilse,1,3,4,9,0.0001315126020577897,0.0001919017463058914
nabucod91213966,1,3,4,11,0.0001384336843953451,0.0001919017463058914
kristianrecinos,2,0,4,0,0.00010176137826388855,6.5051439425725895e-09
sofi_menchu,2,0,4,0,0.0001094030389754619,6.81831549695409e-07
_elfaro_,4,0,4,0,0.00011383600746755796,1.637371143690033e-06
daccabrera,2,4,4,7,0.00011378832711593631,1.1674587962633153e-06
erwin_fern84019,2,17,4,50,0.00011326124171652104,0.0002524898029378448
bustocuesta,2,2,4,3,0.0001643011954374992,1.469697745694649e-06
lorenaescobar8,2,0,4,0,0.00010101496857623635,7.632455818984317e-08
onumujeresgt,4,0,4,0,9.8982473602668e-05,9.346269836268229e-07
corteidh,4,0,4,0,0.00019321945657768124,1.0895214277018278e-06
rodanleu69,1,3,4,7,0.00011954200980034637,1.4823407640937736e-05
josecif33982901,2,11,4,36,0.00010396706701533743,5.3428680799578574e-05
pepecuevas73,2,29,4,45,0.00012336289922379798,0.0006826807600074033
omarpityhg,2,0,4,0,0.00015800299602000673,1.919017463058914e-07
anelisehundman,2,0,4,0,0.00013730891221967422,0.0
espinoza_yos,2,0,4,0,0.00010431834384233256,0.0
brucew1235,2,6,4,17,0.00011538092447023837,4.9543558537079664e-06
aizenstatd,3,0,4,0,0.00010422196547613314,1.656759252766601e-07
parlacen,3,0,4,0,0.00032462382154380983,2.0768808477308997e-06
rodrigo74828679,1,0,4,0,0.00011031662900184923,0.0
rebkrriaza,2,1,4,2,0.00014620288194507313,3.288141617737535e-05
adolforojas07,1,3,4,10,9.79227960030136e-05,3.6276452306083257e-06
pavelvga,3,0,4,0,0.0001307260275328233,1.7561917389205817e-07
cc_abogado,1,4,4,13,0.00011031662900184923,6.272315318207418e-05
blancal21054134,3,4,4,11,0.00012921367374033488,6.450132388562998e-07
aandresf9,2,1,4,1,9.00566806835072e-05,4.7080981376929384e-05
boj_ito,2,2,4,5,0.0001219440740802969,0.00020531698090824215
dgtguate,3,0,4,0,0.00012391827480511957,2.0631968722398882e-07
xiomaracastroz,2,0,4,0,9.190073661516493e-05,1.9507201359499603e-06
vasquezrivera,2,6,4,9,0.00012765712609936106,5.360494153105004e-06
vanidades2021,1,0,4,0,0.0001265119989325442,0.0
fabiolasinger,4,0,4,0,0.00014269968354599654,0.0
kestleredwin,2,2,4,2,0.00010605405360742472,0.00014864136960839944
chomboome,2,5,4,10,0.0001031270114140862,5.7119243008057355e-05
axelgod45233014,2,2,4,3,0.00011262982112870314,5.51682806428577e-05
redamericanews,2,0,4,0,0.00010943688051178677,0.0
carestg,2,0,4,0,9.606189578127255e-05,3.935249400963005e-08
alex8084475921,2,12,4,23,0.00011411536366219224,1.7335921809906136e-05
rusherpop1,2,13,4,19,0.00010333724707358815,0.0001218686673078351
kokasagas68206,1,3,4,7,0.00010175613910192073,0.0
novive_socialis,2,0,4,0,0.00015563605675398575,0.0
yoguatex,2,6,4,9,9.862111136106305e-05,2.1201482315283313e-05
karen_sant35047,1,12,4,68,9.354282600152535e-05,6.963715193806624e-05
garciadanilo63,2,10,4,21,9.747848102064347e-05,3.345948133007836e-06
batallonjalapa,2,112,4,461,0.00012147343939855021,0.01758146990998764
aifanerika,2,0,4,0,9.712607103664903e-05,2.5443969024855614e-07
michideflores,2,12,4,30,0.00012673892413180848,0.00038374633961080516
redjunnaoj,2,0,4,0,9.314826087823271e-05,1.3682094210997622e-07
licigir21,2,12,4,31,0.00012975107291868322,6.525348342233127e-05
cmbezares,2,0,4,0,9.604121372071731e-05,2.112942788247565e-07
julius1818,2,4,4,5,0.00013265436873918836,4.4653477148157595e-05
mariosaqui1,2,12,4,18,0.00011489713766911648,0.0002945708004802438
e_18_m_12_4,2,0,4,0,9.498417325904025e-05,3.3290613713750616e-07
edmondmulet,2,0,4,0,0.00011940180792378039,1.054970890557685e-06
_rahina_,4,0,4,0,0.0003172107736195269,1.4808948874890343e-06
theclowbala,2,11,4,24,0.00011527333959151053,0.0001424148912887656
er65595983,2,3,4,4,0.0001252038370693159,3.6881470456224453e-06
lamportnanogt,1,10,4,26,0.00011208766853724179,2.0156171873672305e-05
chepechapin58,2,18,4,43,9.673272489659499e-05,0.0001418289542634952
josepborrellf,2,0,4,0,9.80620263680411e-05,2.4167955593340617e-06
rubenarriagama1,2,1,4,2,9.439596424262378e-05,2.6442258198183896e-07
semillametro_,4,0,4,0,0.0001170002433967881,2.0820534854707846e-07
foho240,2,8,4,10,9.92475697878044e-05,0.00021480830452514212
samemerz68789,1,19,4,66,9.3407758076995e-05,6.105134828303733e-05
2bereniceee,2,2,4,5,0.00010380951763828023,7.56216621886947e-08
edwadriperez,2,51,4,124,0.00010483447535605841,0.0039021948418412216
eiguatemalteco,2,0,4,0,0.0001408940360629244,1.2541389625877548e-06
alexvaldezsmith,2,2,4,3,0.00014162767753452622,0.0
__vadergt,4,0,4,0,0.00013676306294063022,2.7258770782086847e-08
tk421_d,1,4,4,5,9.22940790183796e-05,1.1587714754104343e-05
anita_flakita_,1,3,4,8,0.0001462808625126681,1.469697745694649e-06
_rojilla,2,0,4,0,0.00010080306786104207,1.6657890148891857e-07
faoguatemala,4,0,4,0,0.0002620367446611965,1.2925340988300588e-07
rosario96501677,2,6,4,11,0.00015140411807659175,0.0004249554516716016
velvetfabiola,2,8,4,19,0.00010488146752284214,5.828618021926972e-05
por_mi_guate,2,0,4,0,0.0001561561205238122,1.8395810103396995e-08
luisvengt,3,0,4,0,9.913215967718577e-05,4.31346876354044e-06
antonio00677714,2,6,4,18,0.00012062860702569058,4.154377822784793e-05
mynor007,2,6,4,10,9.416303062645116e-05,0.0001233665368301994
dbeatrizmb,2,8,4,18,0.00010323940289987685,0.00041727192077107244
pmtdemixco,4,0,4,0,0.0001304537606853075,9.05593478995897e-07
magdezis,1,0,4,0,0.00014123071332050843,0.0
marngt,1,0,4,0,9.314620415743673e-05,0.0
jprc10,2,9,4,19,0.00011287475751781654,4.850728906437132e-06
mundocrema,2,1,4,2,0.0001643011954374992,0.0
santaexmin,2,10,4,20,0.000123288934680421,0.0005352233806240175
elrosaenverdese,2,4,4,11,0.00022250218311663627,3.629933368827e-07
noticiasvr_gt,3,7,4,11,0.00014441707564203656,2.8544456133991543e-05
saramirandaml,2,5,4,6,0.00010979754663227568,5.007425070347713e-07
neryrodas,3,0,4,0,0.0001231379635303161,1.0698747593344883e-08
mynor_zurita,2,0,4,0,9.789956034173637e-05,6.41004367938283e-08
marcosantil,2,0,4,0,0.00010227140887041173,1.3570272007753446e-07
anarchiaeth,1,8,4,19,0.00014123071332050843,1.915244618455733e-06
guatv_,4,2,4,4,0.00010539676964099214,2.759311846229645e-07
digby06,4,0,4,0,0.00013930240913907185,2.019464601264269e-06
rodrigokestler,1,1,4,2,0.00013910839776752924,3.05006100182029e-05
ambmcfarland,3,0,4,0,0.00015391003477411007,3.353986345355205e-06
el_pollo_7,2,3,4,6,0.00022584851489150883,3.013002037316425e-06
norapra2005,2,5,4,8,0.00012336289922379798,8.245243783008492e-05
munivcanales,1,0,4,0,0.00013910839776752924,0.0
nelton_rivera,3,1,4,1,0.00010018591827287864,0.00026229951365871486
_cnegt,2,0,4,0,0.00014918551683551723,0.0
secyellen,2,0,4,0,9.880617247369426e-05,0.0
deleagew,2,10,4,16,0.00010636636246131681,8.851921771033043e-05
tpeyker,3,0,4,0,9.845229436871502e-05,0.0
usamboas,2,0,4,0,9.880617247369426e-05,0.0
pcampoll,2,0,4,0,0.00015170479660251421,0.0
camperogt,4,0,4,0,0.00011895415963155323,0.0
gilbertog2001,2,2,4,3,0.00014540659718502173,0.0
soy_pepe_grillo,2,0,4,0,0.00012119497285085674,0.0
statedeptspox,4,0,4,0,0.00015342363520144976,8.344718831499324e-07
rooavila,2,0,4,0,9.214974691294786e-05,3.4560401105898977e-07
lorenalien_,2,2,4,3,0.00014540659718502173,0.0
vidalejo3,2,2,3,3,0.00021399731091680175,3.838034926117828e-07
derspiegel,3,0,3,0,0.00010303909418042797,0.0
deleriv,2,13,3,22,9.794812111730219e-05,0.0002046164255687959
marceblanco_,2,0,3,0,0.00012049662736919765,0.0
jeanlaeward,2,0,3,0,0.0001102512533098089,7.676069852235656e-08
irenemontero,2,0,3,0,9.598561220626505e-05,1.2137962541973141e-05
lourdeshercules,2,0,3,0,0.00010874784672936026,4.151029752980378e-07
bmichellemend,2,0,3,0,9.54489177863659e-05,2.898749437199717e-07
aleixsarri,3,0,3,0,0.00010303909418042797,0.0
vozdeamerica,3,0,3,0,0.00016995377280529228,2.482002747759645e-06
arnulfoagusting,2,0,3,0,0.00010375721394031325,8.574413152644372e-07
utopiacode,2,0,3,0,0.000115881230173295,0.0
hamlet_a16,2,1,3,1,0.00010545196979511165,3.504447852578955e-07
wazegt,3,0,3,0,0.00011626821390108095,9.138178395518638e-09
uninoticias,3,0,3,0,0.00010382694333783401,1.293781714123384e-05
feci_mp,3,3,3,3,9.970727549841972e-05,4.449953732362326e-05
asierandres,2,0,3,0,0.00025904307381573324,0.0
joseugazsm,3,0,3,0,0.00010589220914639151,2.223334423533316e-07
kamalaharris,1,0,3,0,0.00010933509143029195,0.0
georgyerchila,2,0,3,0,0.00010061505474384837,3.4639548154441336e-08
jpdardon,2,0,3,0,9.927595198628986e-05,1.1130301285741702e-07
deawashingtondc,2,0,3,0,9.91370365733047e-05,0.0
elarcaico,2,0,3,0,9.861774984605513e-05,1.0438904801712356e-06
_odonnell1,2,2,3,6,0.00014118998646443925,0.0
ligapropatria,2,0,3,0,0.00010023843357822874,9.996477805855737e-08
alpunto,3,0,3,0,9.844945971930228e-05,6.415322593112963e-07
emmanuelmacron,3,0,3,0,9.874266513723641e-05,2.4518299581172652e-05
emixtrapablo,3,0,3,0,0.000128834223692238,0.0
changeorgcentro,2,0,3,0,0.00010244723697914006,1.2793449753726092e-07
harriswhitbeck,2,0,3,0,0.00014855569689376796,4.0638016864777e-07
cdpmtmixco,2,0,3,0,0.00011039988096721895,1.919017463058914e-07
onlyenmiguate,2,3,3,3,9.861774984605513e-05,7.363647116749205e-06
philgordon46,2,0,3,0,0.0001115100068707793,0.0
unam_mx,3,0,3,0,0.00010917313211540974,4.897674604917598e-07
usaid,3,0,3,0,0.00011265596021406074,0.0
progreso_latam,2,0,3,0,0.00020300114225760364,9.25298582679613e-07
pmtguatemala1,3,0,3,0,0.00012633205037775874,0.0
sandratorresgua,3,0,3,0,0.0005120189801145977,3.319037675795091e-05
soyusac,3,0,3,0,0.00014540659718502173,2.5586899507452183e-07
veneno_cruz,3,0,3,0,9.545491366202846e-05,6.217946990242195e-07
vancecenter,1,0,3,0,9.142203074937174e-05,0.0
franciscordl,2,2,3,2,0.00010876252784688354,0.00019197624933681016
elmetrogt,1,0,3,0,0.00011391560009755923,0.0
ciudadanocomung,2,0,3,0,0.0001956594900012066,0.0
fmacario_,2,0,3,0,0.00010545196979511165,0.0
hernandezmack,3,0,3,0,0.00020661475677146037,8.084174918579346e-07
omarlandaverry,2,1,3,1,0.00012953513465294064,1.7882674216754512e-06
mariajose_esp,2,0,3,0,0.00012800757504124313,6.733394607224259e-09
jorgeramosnews,3,0,3,0,9.844945971930228e-05,6.415322593112963e-07
alfonso54014645,2,0,3,0,0.0001097056424333578,0.0
radiopuntogt,3,0,3,0,9.968637009712589e-05,1.4191787243481445e-06
elecxiones2023,2,0,3,0,0.00010545196979511165,0.0
bergnesegurrola,2,6,3,6,0.0001228134144490952,5.429688379087534e-05
gescuintla,3,0,3,0,0.0001020223644442572,1.610147770537532e-08
vecinosz16,1,0,3,0,9.204035372497487e-05,0.0
fundamyrnamack,2,0,3,0,9.260258138116644e-05,1.2986660737502664e-06
mfgalan,1,0,3,0,0.00013406983823353524,0.0
denunciasmuni,2,0,3,0,0.00012284549587114163,2.3987718288236424e-08
industriaguate,3,0,3,0,0.0008588033183132614,8.593085483358377e-07
e_piedrasanta,3,0,3,0,0.00011706469980630546,0.0
eegsaguatemala,1,0,3,0,9.024526101472134e-05,0.0
juanandrescog,2,4,3,5,0.00024328299953089712,5.698333728533205e-07
soycristiannoe,2,0,3,0,0.00017923725628804496,0.0
kevo1203,1,0,3,0,0.0001078514290862433,0.0
lala501907,3,0,3,0,0.00015023934830081203,0.0
statedep,1,0,3,0,0.0013019275407311823,0.0
renapgt,2,0,3,0,0.0001441469573015232,0.0
kenneseditions,3,0,3,0,0.00011706469980630546,0.0
danielnoboaok,2,0,3,0,9.863738731706129e-05,1.9669928996353865e-07
rperdues,3,0,3,0,0.00011706469980630546,0.0
anticorrup30203,1,1,3,2,0.00010981097272590176,0.0
mamanemuerta,3,0,3,0,0.00011706469980630546,0.0
luislacallepou,2,0,3,0,9.863738731706129e-05,1.9669928996353865e-07
luisabinader,2,0,3,0,9.863738731706129e-05,1.9669928996353865e-07
raiceperdidagt,3,0,3,0,0.00011706469980630546,0.0
disneyplusla,2,0,3,0,0.00011307693024503987,0.0
hoss06,3,0,3,0,0.000107275637920978,2.029615911326066e-06
rodrigochavesr,2,0,3,0,9.863738731706129e-05,1.9669928996353865e-07
juanmaasturias,2,0,3,0,0.00012021379951505172,0.0
stereo100xela,2,0,3,0,0.000141907597508637,3.838034926117828e-07
libertopolis,2,1,3,1,0.00014010285030713332,2.990940514406761e-07
bancadavamos,2,0,3,0,9.359506423955422e-05,1.715803803955104e-07
lasmuchedumbres,2,0,3,0,0.00011328578015580999,2.1062900005723388e-07
pmtsanlucassac,2,0,3,0,9.570797768648092e-05,1.7237349476953297e-06
quepasasur,1,0,3,0,8.989154046382496e-05,0.0
dcuevas_gtv,2,0,3,0,0.00011643487986455622,2.7588906631063937e-08
copadehgt,2,2,3,2,0.00011631774508381163,2.630061226345601e-05
gio_sanchez88,1,3,3,8,0.00013533683310640017,1.469697745694649e-06
fundesa,2,0,3,0,9.744900786223446e-05,8.593085483358377e-07
mafersita8,3,0,3,0,0.00011816825692651794,7.759974944776327e-07
sip_oficial,3,0,3,0,9.361467900466681e-05,6.601172466538446e-07
sanchezcastejon,2,0,3,0,0.0001173509815980097,3.838034926117828e-07
carlosmlauria,3,0,3,0,0.00010336450369455508,1.8755897950274857e-07
almdepalomo,3,0,3,0,9.867825649856495e-05,1.555967404246486e-07
donrodri47,1,2,3,3,0.00010890384811077062,0.0
ronygarcia1290,2,0,3,0,9.876824325906087e-05,2.2343496845814816e-07
chejo111,2,0,3,0,0.00011634205635483407,0.0
silviagarciah,1,6,2,11,0.00011895415963155323,1.4651375679392508e-05
guatemala,2,0,2,0,9.574002154815698e-05,0.0
bancadatodos,2,0,2,0,9.042452240184102e-05,6.755344798141819e-07
carreradeleon,1,0,2,0,0.00011895415963155323,0.0
carloschi87,1,4,2,5,0.00011031662900184923,2.2587398982291013e-07
bernar,1,0,2,0,0.00010011252634264196,0.0
agexportgt,1,0,2,0,9.157919727231369e-05,0.0
carlosdahinten,1,13,2,14,9.77344419054727e-05,0.0001436962423259531
derechairo502,1,11,2,22,9.761437807581395e-05,6.689658753577946e-05
laprensa_deoc,1,0,2,0,0.00013910839776752924,0.0
tetobustamante,1,3,2,6,0.00010148317779045321,3.795144754417391e-06
sayed90001,1,4,2,9,0.00011247924521777167,0.00010365670989200514
yani_wen,1,8,2,55,0.00010011252634264196,4.971479511267088e-05
glennavi,1,11,2,29,0.00011190174270549555,0.002563726255887767
centrosdeport,1,1,2,3,0.00010035024750603693,0.0
fabiolaroudha,2,0,2,0,0.00011139632033056222,2.680651448996023e-07
ghusriios,1,6,2,11,9.817010155382797e-05,6.767288599348123e-06
alemishita,1,0,2,0,0.0001265119989325442,0.0
jlponce71,1,0,2,0,0.00010761740068006672,0.0
gabs_orlando,1,4,2,7,0.00013910839776752924,3.31570717973893e-06
hugomor93187127,1,3,2,6,9.796857111402986e-05,7.327157586224945e-08
eg_gd26,1,16,2,32,9.024840277518004e-05,0.0003087298631880266
hugocid2,1,2,2,7,0.0001298109630979259,0.0
scpmuni,2,0,2,0,9.839540704181668e-05,0.0
aunametatron016,1,0,2,0,9.157481725815186e-05,0.0
hector34841055,1,0,2,0,9.052228797544424e-05,0.0
humbert41818287,1,12,2,17,9.052228797544424e-05,4.858201289821248e-05
papaabumario,1,49,2,150,9.052228797544424e-05,0.002151458463411511
pdrojuarez,1,9,2,13,9.052228797544424e-05,0.0002031187221563648
taniafigueabad,1,0,2,0,0.0001265119989325442,0.0
robert_orosco91,1,7,2,10,9.052228797544424e-05,1.3748164000133013e-05
victorhdelpozo,1,0,2,0,9.528420236523696e-05,0.0
donaldoalvr,1,27,2,45,9.215818392803969e-05,0.00033057577138850147
alexr_pl,1,0,2,0,9.036581097128293e-05,0.0
carlillos999,1,2,2,4,9.502100184508174e-05,5.69889678627707e-06
resistencia502,2,0,2,0,9.237623381490109e-05,5.827244194243769e-09
mirnadesoto1,1,48,2,73,9.951971571471924e-05,0.0023697344676974525
convergenciade2,2,0,2,0,9.237623381490109e-05,5.827244194243769e-09
juanpae_,1,0,2,0,9.036581097128293e-05,0.0
lecsanmerida36,2,0,2,0,0.00010214070553442108,3.838034926117828e-08
zeusjustice771,1,0,2,0,9.036581097128293e-05,0.0
esperan56991069,1,16,2,19,0.00010060686822028055,0.00019914570843782782
eedlb,1,38,2,76,0.00010131920126257423,0.0006507557218623941
sergiochocoyo71,1,1,2,2,9.491372882956218e-05,0.0
tonogtr,1,4,2,7,9.528420236523696e-05,1.2737206515457946e-05
carlitos197,1,6,2,7,0.00011497675787404884,5.699020127011344e-07
dianaresident4,1,4,2,7,0.0003447060047346224,3.6454167525238264e-06
hrooseveltgt,2,0,2,0,9.906292070152557e-05,7.046778014568822e-07
bollmannc,1,0,2,0,9.097887386072087e-05,0.0
rutaal,2,0,2,0,0.00010353001354533654,0.0
razondesergt,1,3,2,4,9.330003433394819e-05,0.0
lazarozamoragt,1,13,2,15,0.00011895415963155323,0.0001732233867632206
gustphographer,1,15,2,20,0.00010561429701667687,6.367359529224306e-05
eapablo10_,1,19,2,32,9.882221169184511e-05,0.0017949745286856829
replikhante,1,4,2,13,0.0004134071935661618,1.5908087849045574e-05
molinerosed,1,11,2,14,0.00010551800087423591,0.00022111468691119355
chairinngus,1,0,2,0,0.00011895415963155323,0.0
jachec1980,1,11,2,16,0.00010246432842939105,7.852248481732607e-05
jaquelinjudith,1,3,2,4,9.398015926533903e-05,5.691922368291086e-07
lionelgaliano,1,0,2,0,0.00011391560009755923,0.0
gabrielwoltke,1,0,2,0,9.22380765210734e-05,0.0
odioaemetra,2,0,2,0,0.00011083664568863275,0.0
guillen_ge20243,1,2,2,3,9.714343427944051e-05,0.0
servoveritatis,1,5,2,6,0.0008975259612966515,3.6381259190187788e-06
eabril89,1,1,2,2,0.00013910839776752924,0.0
henryfit5,1,2,2,3,0.0001265119989325442,9.59508731529457e-05
josecmax2,1,3,2,4,0.00010551800087423591,0.0
zarahlu,1,3,2,4,9.145308832293777e-05,1.8755544907261344e-05
saracurruchich,1,0,2,0,9.145308832293777e-05,0.0
mcfrsa,1,12,2,24,0.00010667480209480143,0.00014222837135968708
liwygrazioso,2,0,2,0,0.00011076650038881298,0.0
e_morales2250,1,7,2,9,9.052228797544424e-05,5.3764510452650135e-05
mey_orella,1,0,2,0,0.00010667480209480143,0.0
ymarkot,1,0,2,0,9.359882778306729e-05,0.0
carolhernandezb,1,2,2,3,0.0001265119989325442,0.0
emetra,1,0,2,0,0.00013910839776752924,0.0
palmieriwaelti,1,0,2,0,9.145308832293777e-05,0.0
jpablo998af,1,5,2,10,0.0001461936042580059,1.281053939896665e-06
healca_2021,1,4,2,7,0.00011895415963155323,1.6487243298734373e-06
0205mh_,1,2,2,3,9.50523369571298e-05,0.0
srodas24,1,3,2,8,9.667842274442185e-05,1.4408609827950022e-06
infotraficogt,2,0,2,0,0.00014162767753452622,0.0
irenemhastings,1,0,2,0,0.00011391560009755923,0.0
gt502_luis,1,1,2,6,9.34464519907086e-05,0.0
mando6107747648,1,4,2,13,0.0001265119989325442,3.314801014582629e-05
carlosmcd100,1,4,2,7,9.951971571471924e-05,2.7692964618429487e-05
jc2007jc,1,3,2,3,0.00011895415963155323,2.0908165856201373e-05
carlosm80957968,1,0,2,0,0.00016500530435401454,0.0
kavernikola1956,1,2,2,3,0.00011391560009755923,0.0
lestuardoglez,1,9,2,11,0.00013910839776752924,9.107609835218903e-05
wesbernard,1,3,2,4,0.00011895415963155323,6.5873910547463595e-06
yoda_libre,1,9,2,12,9.280812096866545e-05,1.012332180438646e-05
mbrc11,1,0,2,0,0.00011895415963155323,0.0
guaboomerang,1,5,2,13,0.0008975259612966515,1.07039641398457e-06
donkev29,1,1,2,2,0.00013910839776752924,0.0
carlosgirard1,1,5,2,8,9.476907386838203e-05,5.211965774810392e-06
trchief7,1,2,2,7,0.00011391560009755923,3.05006100182029e-05
bosque_robin,1,1,2,2,0.00011391560009755923,0.0
gtj_uan,1,7,2,11,9.116081510532827e-05,0.00015567406177540558
edgarjcontreras,1,1,2,2,9.215818392803969e-05,0.0
jonngalaxy,1,3,2,8,0.00016500530435401454,5.2532821747007786e-05
mascanej,1,2,2,6,0.00016500530435401454,0.0
eboche_gt,2,0,2,0,0.00011931318537517605,1.0661208128105076e-08
mishamoliviatis,2,0,2,0,0.00011517523998105773,0.0
lgodoy01,1,3,2,4,0.00011291674250405798,2.765202557921757e-05
momaantonio,1,8,2,21,9.901705964895273e-05,1.9201328596287423e-06
ecarolina118,1,6,2,16,9.674823490206732e-05,7.983589869669226e-07
nrl_rodas,1,2,2,3,0.00016500530435401454,0.0
rivera_bambu,1,11,2,15,9.398015926533903e-05,6.557479299890183e-05
perrintaracena,1,2,2,3,0.00016500530435401454,0.0
sandrap28336385,1,4,2,6,0.00016500530435401454,2.4606890945277774e-05
sgliss1,1,13,2,19,0.00015052718285152338,9.562053710726856e-05
eudeportes,1,0,2,0,9.157919727231369e-05,0.0
alemartinezcan,1,0,2,0,0.00010383848102957124,0.0
gamartinezluna,1,0,2,0,0.00010246432842939105,0.0
lpez4edwin,1,2,2,3,9.398015926533903e-05,0.0
gustavosantiz28,1,1,2,1,0.00011391560009755923,2.9548142916018584e-05
monomalteco,1,5,2,8,0.00013785462972205437,3.793749907739545e-07
glowgt502,1,5,2,17,0.00011391560009755923,0.00023435053065166912
oswaldonacho,1,0,2,0,9.091348048584751e-05,0.0
visto_93,1,2,2,7,0.00010131920126257423,0.0
partidoune,2,0,2,0,0.0004956436616291173,0.0
dalexi10,1,5,2,13,9.49851679286545e-05,1.7171395259059561e-06
claudiafajardo,1,2,2,3,0.00013910839776752924,0.0
embcanguatemala,2,0,2,0,0.00012240040713385207,0.0
anam_guatemala,2,0,2,0,0.0002551517216753498,8.534813805750189e-07
occrp,2,0,2,0,0.00020071121819220666,0.0
ninnettev63981,1,0,2,0,9.091348048584751e-05,0.0
tumguate,1,0,2,0,9.091348048584751e-05,0.0
cocolocoantillo,1,17,2,41,9.145308832293777e-05,0.000665054074544516
fernando_502gt,1,3,2,4,9.690105230426925e-05,5.1389893328237956e-06
clauflor7,1,13,2,32,0.0001265119989325442,0.0001962495272806242
fabarrie,1,9,2,27,0.00012997508264602482,0.002198324263072954
eyre_jeane,1,4,2,10,0.00011895415963155323,2.799012625159715e-05
mrxoki,1,1,2,1,0.00013910839776752924,0.0
cidgallup,2,0,2,0,0.00024686612070378994,1.0415066628225124e-07
erick_acaham,1,3,2,4,0.00011895415963155323,0.0
alvarotopis,1,0,2,0,9.817010155382797e-05,0.0
vanitasidun,1,6,2,9,0.00010383848102957124,8.77102606041123e-05
jacquel86482667,1,4,2,5,9.024840277518004e-05,5.007425070347713e-07
fercajas,1,11,2,19,0.00011686462346267311,0.0003956521619615111
cescobarsarti,2,0,2,0,0.00010802234352719637,0.0
chupinaelvia,1,2,2,3,0.0001265119989325442,1.1600784601202275e-05
chemae7,1,0,2,0,0.00010035024750603693,0.0
pabloiglesias,2,0,2,0,9.255023070581459e-05,1.2162287116205553e-05
realdonaldtrump,2,0,2,0,9.451330584892914e-05,1.6958125950151822e-06
uncosumicivi,1,0,2,0,8.950689598313905e-05,0.0
azulymonitoreo,2,0,2,0,0.00010131920126257423,0.0
verohernandez20,1,3,2,4,9.061226225283699e-05,0.0002714359842723743
asiervera,1,0,2,0,0.0001265119989325442,0.0
tristemico,1,13,2,26,0.00010761740068006672,1.843371744817823e-05
alunasilva,1,0,2,0,0.00010383848102957124,0.0
sacstarnews,2,0,2,0,0.00013752498280675653,0.0
pablogironc,1,3,2,3,0.00011895415963155323,9.59508731529457e-05
arelisagastume,1,6,2,9,0.000122883142687323,0.0005877379685471831
guillengabs,1,0,2,0,9.147110762794958e-05,0.0
puertonews24,1,0,2,0,0.00010551800087423591,0.0
ciudadanotopgt,1,2,2,3,9.49851679286545e-05,0.0
mgts3547,1,5,2,6,9.91800635917196e-05,6.508470021427343e-05
lmariav1,1,1,2,2,9.594733745716289e-05,0.0
tigo_gt,2,0,2,0,9.302006221390143e-05,3.1658284633397206e-07
chrizzao,1,7,2,14,0.00013611305064856338,2.9553555870120448e-05
cquevedo1313,1,6,2,13,9.632947326441139e-05,6.613844857431432e-07
alcaldequinonez,1,0,2,0,0.0008975259612966515,0.0
normajtorres,2,0,2,0,9.15606304064594e-05,3.176586002744795e-07
marafherrera1,1,0,2,0,0.0008975259612966515,0.0
diputadojp,2,0,2,0,0.00019798261690173667,0.0
csardarodaz,1,2,2,5,9.512436078886225e-05,0.0
sdehonduras,1,0,2,0,0.0008975259612966515,0.0
viaguilar32,1,2,2,2,0.00017738152082969795,2.097570084707896e-05
elizabethvelsqu,1,5,2,12,9.761437807581395e-05,1.079171050959832e-06
faguilar_s,1,0,2,0,9.22380765210734e-05,0.0
expiacion_49,1,9,2,16,0.0001265119989325442,0.0002466904156927537
cris0b,1,3,2,4,0.0001265119989325442,1.8701005466029904e-05
solitariagt,1,10,2,19,9.257324698959751e-05,1.0808486249743626e-05
crislemus,1,2,2,2,0.00011895415963155323,2.343251901098652e-05
igor_bitkov,2,0,2,0,9.920439019709263e-05,1.4869322888753753e-07
camcomerciogt,2,0,2,0,0.00032325463229690107,1.6585210499883633e-06
yopeone76,1,2,2,5,0.00011391560009755923,2.206309585056391e-06
sgereda,1,0,2,0,0.0008975259612966515,0.0
erroresgt,1,31,2,50,0.00010383848102957124,0.00044901108167095166
ferreroluis,1,4,2,5,0.00011391560009755923,2.6346136272902453e-06
consentido4you,1,5,2,5,0.00010551800087423591,3.175069862385033e-05
concepcinagui15,1,2,2,3,0.00010226250112602099,0.0
latamjournalism,2,0,2,0,9.348451803114401e-05,6.2371494269477936e-09
cvabelli98791,1,2,2,3,9.099979492789296e-05,0.0
vjavierhndz,1,0,2,0,0.00011031662900184923,0.0
fedefut_oficial,1,0,2,0,0.0001643011954374992,0.0
josejulianguate,1,0,2,0,9.270061258600555e-05,0.0
mejia_1985,1,2,2,5,0.00010183137706279411,0.0
mynoraroldopab1,1,12,2,18,9.0934503292513e-05,0.00019369470231714322
evelynercclv,1,6,2,16,0.00012339310536018956,1.3649170489301399e-05
juan_castaju,1,18,2,19,9.0934503292513e-05,0.00024593391992125955
cokyblancot,1,18,2,26,9.448527496146346e-05,0.00013714354037338685
estuardoespana,1,2,2,3,0.0001298109630979259,0.0
katiasmor,1,12,2,21,9.879992149557725e-05,6.0497835323065553e-05
ldubon63,1,24,2,97,0.0001265119989325442,0.0008198775599859894
colochitaaaaaa,1,13,2,26,0.00013611305064856338,0.00013586359237193954
alejand38509652,1,0,2,0,0.00010078429477662008,0.0
hecthorcv,1,2,2,3,0.00011895415963155323,1.469697745694649e-06
cuatamermelada,1,5,2,7,9.712040165091258e-05,5.468698122616515e-06
joaquinbarnoya,2,0,2,0,0.00011836138792167158,7.676069852235656e-07
chuchodecalle,1,4,2,5,0.00010131920126257423,4.504203858328911e-06
v_de_vengaza,1,0,2,0,9.712040165091258e-05,0.0
soyleslyh,1,0,2,0,0.00010246432842939105,0.0
lagrace_s20,1,0,2,0,9.906045371380038e-05,0.0
elanalistagt2,1,18,2,47,0.0001265119989325442,7.261937279271176e-05
roanchi2,1,21,2,60,0.00010551800087423591,0.0007076428570309332
gmaerunrz,1,3,2,4,0.00010131920126257423,6.686252408229672e-06
chavelo773,1,2,2,3,0.0001265119989325442,0.0
luis_sinfiltro,1,0,2,0,0.00013910839776752924,0.0
joshemigt,2,1,2,2,9.879992149557725e-05,1.6214307238465898e-05
gobiernomx,1,0,2,0,9.502100184508174e-05,0.0
pmt_smp,1,0,2,0,9.817010155382797e-05,0.0
erlurole,1,0,2,0,0.0001265119989325442,0.0
franas91,1,0,2,0,0.00013910839776752924,0.0
iovittor,1,27,2,139,9.267192990970277e-05,0.00040591078447456825
crrc9119,1,4,2,5,0.00013098856614574884,2.3767876256292935e-06
frida102022,1,6,2,14,9.605355135300765e-05,4.96227095324476e-06
airborn21k,1,0,2,0,0.00013910839776752924,0.0
melvynjosue,1,8,2,20,9.200881951497664e-05,3.947715001267289e-05
marcopo60095392,1,7,2,15,0.00012406209441233565,0.00015452268634772478
isaac_jn316,1,0,2,0,9.667842274442185e-05,0.0
chgabriel27,1,5,2,13,0.00013392948530223145,7.973301003579298e-06
isa_argueta,1,0,2,0,0.00010383848102957124,0.0
decastrozoe,1,3,2,4,0.00011895415963155323,3.2634748797143027e-07
garcia196711,1,4,2,10,0.00021645591167584346,5.478051430501901e-06
jracruzv77,1,5,2,12,9.662482280870606e-05,5.007425070347713e-07
el_ozzymandias,1,11,2,14,9.330331109485651e-05,9.549400345457348e-06
express_foto,1,4,2,8,0.00013910839776752924,6.272451536498053e-06
javieresto,1,0,2,0,0.00010246432842939105,0.0
rigo_caniz,1,2,2,3,0.00015236491287922674,0.0
geovanyc7,1,6,2,7,9.052228797544424e-05,1.3024354633590822e-05
el_vitruvio,1,8,2,9,0.00010383848102957124,8.954362596578549e-06
mojena13,1,2,2,6,0.00019601176689445498,0.0
gtx222,1,2,2,3,0.00019601176689445498,0.0
snakeeyes146321,1,2,2,3,0.00010071243243910377,0.0
slcharl2,1,11,2,19,9.332279921530143e-05,0.0001774651502349371
julioca75923080,1,19,2,45,0.0001000322767951634,0.0010988237357850155
rojitarodas,2,6,2,10,9.763436915682057e-05,1.8663207611552409e-06
chapinito90,1,7,2,13,0.00011776822713180222,0.00023966547911358256
daddyonky,1,0,2,0,0.00013910839776752924,0.0
ojalanohubieras,1,0,2,0,0.00010413240611396778,0.0
dejadezafiro,1,1,2,2,9.168666097699748e-05,0.0
defrijoles,1,1,2,2,9.215818392803969e-05,0.0
therainbowj_,1,3,2,4,0.00010622855685462281,1.469697745694649e-06
elmerlandazuri7,1,27,2,41,9.759748536531353e-05,0.0001269144065644478
fialkofialko,1,1,2,6,0.00013910839776752924,0.0
elizabethgbm,1,0,2,0,0.00010761740068006672,0.0
steadhamstevie,1,5,2,20,9.892392344203934e-05,0.0
lohammi,1,0,2,0,0.00010551800087423591,0.0
byronbarriosb,1,0,2,0,9.755733784473406e-05,0.0
geonikandro,1,0,2,0,9.755733784473406e-05,0.0
chuchotriste69,2,0,2,0,0.00011506731495529966,0.0
fjadlc,1,6,2,9,0.00011895415963155323,0.00010540492487869371
martin_rodas,1,16,2,34,9.755733784473406e-05,0.000212372208038651
gcapo_gmc,1,0,2,0,8.960903239128006e-05,0.0
ncoradogt,1,0,2,0,9.755733784473406e-05,0.0
manuelhern30456,1,10,2,22,0.00010035024750603693,1.1659110760160207e-05
pattybusca,1,0,2,0,9.755733784473406e-05,0.0
shirleyriveragt,2,0,2,0,9.126531721526546e-05,7.944082125459076e-08
chofogts,1,9,2,24,0.0001265119989325442,0.0001309174501857074
densetsuii,1,0,2,0,0.00013910839776752924,0.0
starnewsnoti,2,0,2,0,0.00010993962543976051,0.0
elemasurf,1,17,2,24,0.00010627026093290733,0.00014726203654279838
ximenabarrera__,1,0,2,0,0.00013910839776752924,0.0
danyvabe,1,6,2,7,0.00010551800087423591,0.00022729994723962903
hami417,1,19,2,37,9.951971571471924e-05,6.12881247264544e-05
melucoyoy,2,0,2,0,0.00010533343825394308,0.0
abrahamendieta,1,0,2,0,0.00011895415963155323,0.0
traficocaes,1,0,2,0,0.00013910839776752924,0.0
guitarrasdguate,1,2,2,3,0.00014716293012822406,0.0
fonodorico,1,2,2,5,0.0001722323593457191,0.0
rafalarana,1,0,2,0,9.743747749529769e-05,0.0
mendozarendy,1,11,2,24,0.00010836817052656595,1.3435381367513999e-05
eliseoraymundo,1,6,2,12,9.024840277518004e-05,7.605642841856518e-06
chilaberta,1,11,2,33,0.0001265119989325442,0.001786548457858496
chofito63569841,1,64,2,183,9.52336983919509e-05,0.0036091459666974406
gorkygirl2,1,5,2,13,9.743747749529769e-05,1.4730922380966719e-05
armandocastgt,1,0,2,0,9.743747749529769e-05,0.0
jorgeve19521845,1,19,2,42,9.951971571471924e-05,0.0018257683430204534
chiltepegt,1,12,2,34,0.00010035024750603693,0.00022940240487757607
kev_ini,1,0,2,0,9.374508600558498e-05,0.0
roceguill_rg15,1,4,2,5,9.374508600558498e-05,5.007425070347713e-07
chinchinpopokom,1,7,2,10,9.590457876920759e-05,1.4520051973063257e-05
cesargarcia0293,2,0,2,0,9.293015898487913e-05,0.0
florydeprez2,1,11,2,82,9.516129244472126e-05,0.0002058799311627847
chiqui5256,1,2,2,3,9.116081510532827e-05,0.0
isracorzop,1,3,2,4,9.024840277518004e-05,1.1797947455320793e-05
macu_16,1,0,2,0,0.00010761740068006672,0.0
joshmizrahim,1,4,2,14,9.024840277518004e-05,5.007425070347713e-07
vinicio_zepeda,1,0,2,0,9.559356542849015e-05,0.0
onu_derechos,2,0,2,0,0.00012121759392750526,7.1113837376243e-07
christo62617801,1,5,2,16,9.545964004920664e-05,3.706489837789034e-05
angeldaemonn,1,15,2,24,9.491372882956218e-05,0.0022895656729992235
l150467150467,1,1,2,2,0.00011391560009755923,2.9850639569217862e-05
climaenguate,2,0,2,0,0.00011031662900184923,2.2519929255680553e-07
rafael982877141,1,2,2,3,0.0001265119989325442,0.0
rov2310,1,5,2,13,0.00013036053180133636,9.615793088741902e-07
gobernaciongt,1,0,2,0,0.00011481969367183286,0.0
silvadr502,1,0,2,0,9.761437807581395e-05,0.0
nashiraquezada,1,3,2,6,0.0001265119989325442,3.101000925051534e-05
labrujisgiron,1,2,2,3,0.00013910839776752924,4.797543657647284e-07
alexpatriotagt,1,10,2,11,0.00013910839776752924,0.0013763669320145623
cavillagrans10,1,0,2,0,9.879992149557725e-05,0.0
kiwiiiigaby,1,15,2,22,0.00011391560009755923,8.067611768230921e-05
badcuben,1,6,2,13,9.398015926533903e-05,3.986742952041174e-06
marinae41953239,1,4,2,7,0.00010246432842939105,6.98057399850577e-05
al68985274,1,3,2,4,9.024840277518004e-05,1.6648650305197264e-07
rjrm__,1,6,2,7,0.00010362554810275441,5.210826018434781e-05
barbarasierra10,1,7,2,13,0.0001265119989325442,0.0001253929346644195
ak94901,1,8,2,10,0.0001265119989325442,8.77369743865626e-05
solisricardo26,1,0,2,0,0.0001265119989325442,0.0
lachoalfaro,1,5,2,6,0.00013611305064856338,4.504203858328911e-06
malemoralesa,1,1,2,1,0.00013910839776752924,4.2644832512420306e-08
augustopazcar,1,6,2,13,9.093784950824836e-05,2.4014246986990943e-05
shockorita,1,0,2,0,0.00010963557756247188,0.0
panchopa1,1,4,2,9,0.0001265119989325442,6.863928469781314e-05
alexcifuen1990,1,1,2,2,9.655761034077205e-05,0.0
leninfrodriguez,1,4,2,5,9.099979492789296e-05,1.997311618454376e-06
flovictor2257,1,3,2,8,0.00011031662900184923,4.716263507614303e-06
aucastmo,1,7,2,14,0.0001265119989325442,0.00019456510609810955
ccdaoficialgt,1,0,2,0,9.559356542849015e-05,0.0
wola_org,2,0,2,0,0.00029971361055298546,4.0694991459204626e-05
albinoburatti,1,3,2,4,0.00011031662900184923,0.00011481767179764113
marianelaprez6,1,2,2,3,9.116081510532827e-05,0.0
lagomez84022,1,5,2,9,0.0001155974180279129,3.598446303749452e-05
quinonezli99406,1,0,2,0,9.545964004920664e-05,0.0
ottoareyesestr2,1,3,2,6,9.099979492789296e-05,2.0502323323278993e-08
donnerorlando,1,9,2,12,0.0001265119989325442,0.000482733509034576
haroldosanchez,2,0,2,0,9.283032378682349e-05,2.887529068507151e-08
font,2,0,2,0,9.283032378682349e-05,2.887529068507151e-08
pzurdoxx,1,5,2,7,0.0001296232211193067,0.0006257496514478169
chitayalfr10530,1,0,2,0,9.476907386838203e-05,0.0
lahierbamora,1,2,2,5,0.00012020616231196279,0.0
marcelacc07,1,2,2,7,0.00011056831769672636,0.0
kennetkda,1,6,2,13,0.00011391821013614139,5.2004043663979115e-05
kalinpal53,1,11,2,29,0.00011895415963155323,0.001587783579381347
belen_barillas,1,1,2,2,0.0008975259612966515,0.0
santillana87,1,7,2,18,0.00010139427503201679,1.079750663860197e-05
dianidiani_,1,0,2,0,0.0001265119989325442,0.0
colemanusaid,2,0,2,0,0.00010641460406667677,0.0
andream77rl,1,7,2,19,0.00011391560009755923,0.00028537137710620464
wfpguatemala,2,0,2,0,0.00014293333682224713,0.0
matilisguates,1,0,2,0,8.917045071981638e-05,0.0
kkillokko,1,8,2,13,0.00010761740068006672,0.00010101752584475275
yoromilio,1,0,2,0,0.00011895415963155323,0.0
raulitolog,1,2,2,3,8.917045071981638e-05,8.839026016635423e-05
sazodan,1,0,2,0,8.917045071981638e-05,0.0
siempreincomodo,1,0,2,0,8.917045071981638e-05,0.0
wguillen822,1,0,2,0,9.628064172858023e-05,0.0
vos_gt_,2,0,2,0,9.238200807415328e-05,2.112942788247565e-07
alexu502,1,2,2,3,9.755733784473406e-05,0.0
yamanikc,2,0,2,0,9.093553165291095e-05,1.3654730022575626e-07
jbsilva1090,1,2,2,3,0.00010139427503201679,1.3433122241412396e-07
oemc311,1,20,2,66,0.00010246432842939105,0.0013544659501510908
juliantono400,1,29,2,38,0.00010761740068006672,0.0013064215233350592
rcocinera,1,14,2,34,0.00010325790134603686,3.99147510633065e-06
odiliacatalan,1,5,2,11,9.388994794734941e-05,5.007425070347713e-07
fredy_asencio,1,2,2,3,9.712040165091258e-05,0.0
andree_geme,1,1,2,1,0.00010283795177721576,1.3593040363333975e-07
julioserrano,1,0,2,0,8.917045071981638e-05,0.0
mariochiu2,1,39,2,79,9.116081510532827e-05,0.0036347983491177207
aida_gp,1,2,2,3,0.0001265119989325442,6.396634782146484e-05
tuteabcd,1,3,2,4,9.503129879692731e-05,0.0
ajutzuy,1,10,2,28,0.00010383848102957124,2.282734281253847e-05
la_pildora_roja,1,0,2,0,0.00012259132364695588,0.0
baruzgt,1,2,2,3,0.0002091735489170516,0.0
bancadavalor,1,0,2,0,9.06882029699423e-05,0.0
_pacam,1,0,2,0,0.00010131920126257423,0.0
ajame79luis,1,1,2,2,9.951971571471924e-05,0.0
goldmembergt,2,1,2,2,0.00012471251338468922,0.0
marioomeany,1,2,2,6,0.0001265119989325442,1.380969306541799e-05
aicas1970,1,3,2,9,0.00014567398339070852,1.856711701271287e-07
jajofd,2,0,2,0,9.238200807415328e-05,2.112942788247565e-07
rlirac1,1,5,2,8,0.00011391560009755923,9.136102136554386e-05
soybetio,1,0,2,0,9.951971571471924e-05,0.0
oscar41995,1,3,2,14,0.0001265119989325442,2.6499136463567817e-05
eymiba,1,0,2,0,0.00011031662900184923,0.0
marodros,1,4,2,18,0.00013910839776752924,9.171386416354641e-07
afroman1327,1,0,2,0,0.00011031662900184923,0.0
luisalemus49,1,0,2,0,9.628064172858023e-05,0.0
juliolohengrin,1,7,2,17,0.00023572516022990614,2.1726595707277373e-06
jv_564,1,6,2,7,0.00010761740068006672,1.3024354633590822e-05
leon_wen60664,1,2,2,5,0.00013445000465085123,0.0
waltermusico100,1,2,2,5,0.00013445000465085123,0.0
masagua2020,1,0,2,0,9.024840277518004e-05,0.0
gabriel_vides,1,0,2,0,9.192861433881015e-05,0.0
jorgelp67646885,1,4,2,5,9.712040165091258e-05,8.065171761690978e-07
rojoexe86,1,6,2,7,0.00010761740068006672,1.3024354633590822e-05
edinbhernandez,1,0,2,0,0.00010035024750603693,0.0
zacapaneco5,1,16,2,28,9.476907386838203e-05,0.0003162482803908445
raulherr,1,6,2,9,0.0001130707677246996,4.541823408137671e-05
peter_rg88,1,6,2,9,0.0001265119989325442,2.860002407729159e-06
alejandro2024gt,1,18,2,169,0.00010078429477662008,0.0006485533712047705
marco310367,1,25,2,42,0.00011391560009755923,0.00010112607251401342
luisenlo28,1,2,2,3,9.476907386838203e-05,0.0
mundo9999,1,26,2,54,9.525248289042178e-05,0.0003838863417810621
historia_ca,1,0,2,0,9.667842274442185e-05,0.0
alejand09098718,1,10,2,140,9.412125907115422e-05,1.0808486249743626e-05
pianode2teclas,1,3,2,4,0.0001294492318070975,3.6016271520832724e-07
arleny1581,1,2,2,2,0.00010534076490897068,1.6648650305197264e-07
luigihb77,1,1,2,2,0.00013910839776752924,0.0
rick_sanchiez,1,3,2,6,0.0001437846461956702,3.6016271520832724e-07
cbastiancruz,1,5,2,13,9.45365249668131e-05,7.297756080753819e-06
joebiden,1,0,2,0,9.359882778306729e-05,0.0
dinaboluarte_,1,0,2,0,9.359882778306729e-05,0.0
giorgiameloni,2,0,2,0,9.691046167032948e-05,2.399438154331649e-06
alex_es16,1,4,2,7,0.00010011338465876072,1.3429443367905056e-05
civguate,2,0,2,0,0.00020421876569051784,4.38070789722875e-07
pmarroquin13,1,9,2,20,9.367951301725056e-05,6.75288376561352e-05
mafisquab,1,1,2,2,0.00011031662900184923,0.0
unperro_mas,1,13,2,30,0.00011031662900184923,0.00013729374768588478
mike051270,1,0,2,0,0.0001265119989325442,0.0
patoberna,1,3,2,4,0.00010246432842939105,1.3375722490669444e-05
abbffon,1,0,2,0,0.00029650759198099997,0.0
teoriadelacons1,1,0,2,0,0.00011031662900184923,0.0
kvandenbrule,1,0,2,0,0.00011031662900184923,0.0
s_c_c_84,1,3,2,4,0.00011895415963155323,8.266595367135882e-05
pipitachula,1,11,2,30,0.00013910839776752924,0.002266528060696025
ssflowers1,1,9,2,11,0.000104958887639223,0.0003208568144689014
antulioavm,1,1,2,4,9.091348048584751e-05,3.1557430891482694e-05
_chapinguate502,1,0,2,0,0.0001265119989325442,0.0
madridistaguate,1,4,2,19,0.0008975259612966515,0.00011299597547789342
maco7737,1,1,2,2,9.215818392803969e-05,0.0
pasamoci,1,5,2,11,0.000104958887639223,8.887254626255761e-05
manuelale69,1,2,2,2,0.00010035024750603693,1.221229473366028e-05
tigosportsgt,1,0,2,0,9.611849752572018e-05,0.0
pedroernestoto2,1,18,2,22,0.00010289047824688666,0.0027069665913448497
machl1804,1,13,2,41,9.634521516169173e-05,8.190849128721565e-05
aralgo49,1,13,2,16,0.00013910839776752924,0.00010221006791265571
m4cui17,1,3,2,9,0.00011895415963155323,5.9028402334898275e-06
nytimesworld,1,0,2,0,9.659259666398834e-05,0.0
craxkerr2,1,0,2,0,0.0001265119989325442,0.0
lufernando09,1,2,2,3,0.0001265119989325442,0.0
asolaresdl,1,16,2,21,9.667842274442185e-05,2.7968924099266317e-05
ale__pm_,1,2,2,3,0.0001122545311140557,0.0
bancoindustrial,2,0,2,0,0.00026520322339536724,1.0472789430230699e-06
astridmarianal3,1,3,2,4,0.00011895415963155323,3.6381259190187788e-06
asdlkjhdf,1,3,2,4,0.00010500721532232069,0.0
tumbadorense,1,13,2,19,9.29216020392509e-05,0.00037055629536694924
mariacdeleon1,1,33,2,90,0.00011895415963155323,0.0010521582288063977
destaracmario,1,0,2,0,9.096856921273492e-05,0.0
bomberosm_mixco,2,0,2,0,9.687323949011565e-05,0.0
maryflorherrera,2,0,2,0,0.00010315140472948113,2.233242544729379e-08
luisassardo,1,1,2,1,0.00013910839776752924,4.2644832512420306e-08
tiradocononda,1,4,2,8,9.592074461900924e-05,1.5322548155911731e-06
asteguietaluis,1,4,2,7,0.0001259412441126229,7.079268916000978e-06
namodan,1,3,2,4,0.00011391560009755923,1.6648650305197264e-07
rherreramarmol,1,0,2,0,9.333160988592401e-05,0.0
erolosa,1,3,2,6,0.0001265119989325442,3.828477151078603e-06
asturiasgonzalo,1,14,2,15,0.00010007848660716767,0.0005936814665462219
honoratovela,1,14,2,15,0.00010007848660716767,0.0005924941036131294
savir_uno,1,6,2,12,0.00011031662900184923,5.021716823731236e-06
lbotello,2,0,2,0,0.00010007848660716767,0.0
knightcenterut,1,0,2,0,9.592074461900924e-05,0.0
malcabresto502,1,0,2,0,0.0001298602497154075,0.0
vilmachinc465,1,2,2,3,0.00010278158262646425,1.566959431910413e-05
allgoes85,1,4,2,11,0.0001524276883589694,0.00019330023165361977
hectoradolfoald,1,0,2,0,9.529483660236402e-05,0.0
h_fabiola,1,0,2,0,0.0001265119989325442,0.0
jbmoralesh,1,0,2,0,0.00011895415963155323,0.0
edpava4917,1,0,2,0,0.00011031662900184923,0.0
spp_gt,1,0,2,0,0.0001265119989325442,0.0
tiabartola,1,0,2,0,9.316859025170157e-05,0.0
armandoinfo,1,0,2,0,9.879992149557725e-05,0.0
arodas45,1,6,2,19,9.667842274442185e-05,8.490228330434442e-07
nemesisgt3,1,8,2,11,0.00010278158262646425,9.810138374759274e-06
lopezguamuch,1,8,2,14,0.0001265119989325442,5.845090115421863e-05
jace0060,1,0,2,0,0.00010246432842939105,0.0
herrarturocruz1,1,2,2,27,0.00010301652757861344,2.6889074829378038e-08
mrckcstl,1,9,2,29,0.00010060184916802785,1.494542360970056e-06
lopez_barrios16,1,4,2,9,0.00011259608763024864,1.760675002440781e-07
cerbatanameso,2,0,2,0,0.0001143317621433147,0.0
artesan28700114,1,1,2,2,9.559356542849015e-05,0.0
arthurshp_wf,1,16,2,90,0.00011391560009755923,0.0006720984830192664
hexesalem,1,1,2,2,9.087419472265476e-05,0.0
luismfernandezv,1,2,2,5,9.087419472265476e-05,2.4673281577666e-05
miguelitogtsoy,1,4,2,5,9.087419472265476e-05,1.760675002440781e-07
fershogt,1,0,2,0,0.00013910839776752924,0.0
malenaalvarado9,1,7,2,22,0.00010761740068006672,3.986742952041174e-06
sepebm,1,4,2,11,0.00011895415963155323,0.0021872961043945443
miss_pattygt,1,15,2,26,0.0001265119989325442,0.0018926792004439793
jaque_mate2,1,23,2,34,9.367951301725056e-05,0.0008565531491362884
geooroz,1,8,2,17,0.00010026216552390526,0.00019725470671047183
dorjaen,1,2,2,4,0.001447306274947861,0.0
docgesh,1,3,2,8,0.00011895415963155323,3.511286352327095e-05
johana76505374,1,0,2,0,0.00011357824341146717,0.0
milesturne70424,1,0,2,0,9.559356542849015e-05,0.0
aquinoja_,1,3,2,4,9.879992149557725e-05,3.2634748797143027e-07
rudysalgue,1,25,2,32,9.104276928423693e-05,0.003483127289404934
patolopez420,1,12,2,26,9.538490434219109e-05,0.000596777912514455
intebonsa,1,11,2,14,9.529483660236402e-05,1.1895633402873219e-05
cicloscap,1,0,2,0,9.698663192081751e-05,0.0
fercha1706,1,1,2,2,9.761437807581395e-05,0.0
tobarangelangel,1,7,2,11,0.0001265119989325442,8.450379724222464e-05
nkcfmoto400,1,8,2,18,9.101912258272115e-05,1.2158027972515659e-05
mofilu,1,0,2,0,0.0001265119989325442,0.0
gtliber,1,1,2,1,9.529483660236402e-05,0.0
leon_denniz,1,6,2,11,0.0001353750360879993,0.002425766441621287
jalel78,1,3,2,4,0.00010963557756247188,0.0
breynaldopolan1,1,6,2,10,0.00010551800087423591,4.838458482003651e-05
periodicohist,1,3,2,3,9.050844072298441e-05,1.2405152671656604e-06
bravesgt,1,9,2,10,9.367951301725056e-05,6.75288376561352e-05
rdsh73,1,2,2,3,0.0001265119989325442,0.00014128718284283804
ferxomartinez,1,19,2,45,9.779281723773024e-05,0.000608629252769981
jmr18995,1,2,2,3,0.000297733667838416,0.0
alfredo93672277,1,19,2,28,9.541677087942493e-05,4.6728485348280775e-05
garmasf,1,0,2,0,9.050844072298441e-05,0.0
insightcrime_es,1,0,2,0,9.050844072298441e-05,0.0
taylorswift13,1,0,2,0,0.00025196581418765506,0.0
lowvanns,1,7,2,8,0.00011009108085084638,3.5359377643839483e-05
rodolfoneutze,2,0,2,0,0.0004993096463071209,2.587458452593409e-07
amycanel,1,2,2,3,9.559356542849015e-05,0.0
yatomax99,1,2,2,3,0.0001265119989325442,0.0
rudyleon483rudy,1,2,2,5,0.00013445000465085123,0.0
jesalazarg,1,2,2,5,0.00013445000465085123,0.0
jeremiejsn,1,2,2,3,0.00010131920126257423,0.0
adollfo51,1,10,2,13,8.950689598313905e-05,0.00022798971278890963
jenzaros2,1,7,2,18,0.00010551800087423591,3.356515751623448e-06
tuiteandoandogt,1,0,2,0,0.0001265119989325442,0.0
romarecino53242,1,0,2,0,0.0001265119989325442,0.0
segeplan,2,4,2,5,0.00010671765790613922,0.0001951631652559857
rodriadeur,1,0,2,0,0.00011895415963155323,0.0
jorge28f,1,6,2,9,9.660520752131078e-05,9.208030600022081e-07
desdexibalba,1,0,2,0,0.00011895415963155323,0.0
allancarrillo1,1,7,2,15,0.00013036053180133636,5.735055536093866e-06
kile1992,1,0,2,0,9.817010155382797e-05,0.0
cparedes2302,1,0,2,0,0.00011011770224268947,0.0
lavozdexela,1,0,2,0,9.432120190980479e-05,0.0
imagengt2,1,12,2,18,0.00013910839776752924,0.00010360447910122142
guevarareinita,1,0,2,0,0.00010551800087423591,0.0
abogadolpa,1,0,2,0,0.0001265119989325442,0.0
iamisamendoza,1,6,2,7,0.00010761740068006672,1.3024354633590822e-05
yocquetegusta,1,4,2,13,9.024840277518004e-05,5.017459990328369e-07
necromicron100,1,1,2,2,0.0001637776071168552,0.0
acolindres123,1,7,2,14,0.00010301652757861344,1.048516403756975e-05
candresb2,1,3,2,4,0.00013903458262151525,4.174184966505311e-05
votipp,1,8,2,21,9.024840277518004e-05,9.203770734323326e-06
saul9043333686,1,4,2,5,9.024840277518004e-05,5.007425070347713e-07
roula202122,1,5,2,12,9.024840277518004e-05,1.07039641398457e-06
rodrigo47789040,1,0,2,0,9.024840277518004e-05,0.0
raac551,1,0,2,0,9.024840277518004e-05,0.0
poloniodosdiez,1,0,2,0,9.172651726905003e-05,0.0
mtacunao,1,1,2,2,0.00010551800087423591,0.0
pmzv7,1,0,2,0,0.00011031662900184923,0.0
ronaldmazarie11,1,14,2,26,0.00010761740068006672,4.147294032286399e-05
aliasjj48266282,1,11,2,28,9.245619744264772e-05,0.000250610014330784
gofundme,2,0,2,0,9.411332016432547e-05,1.2977798497466952e-07
calbert96,1,5,2,10,0.00011895415963155323,0.00019250631870295804
reportandoec,1,0,2,0,0.0001089347034939004,0.0
pablohdez_,1,0,2,0,0.00011391560009755923,0.0
edusax79,1,0,2,0,0.00013910839776752924,0.0
pmt_vc,2,0,2,0,0.00010131920126257423,0.0
pmt_smpetapa,2,0,2,0,0.00010131920126257423,0.0
mlopezguate,1,7,2,12,9.476907386838203e-05,2.5157824784925877e-05
gironramiro,1,2,2,3,0.0001265119989325442,1.4128689918798423e-06
cehsm3,1,0,2,0,9.434644316937e-05,0.0
inpale61,1,6,2,15,9.363595510307129e-05,4.072560926371506e-05
mnemosinegt,1,1,2,2,8.975073743940521e-05,0.0
inna_kar,1,3,2,4,0.00011895415963155323,7.755392963508755e-06
jeremyvaso,1,0,2,0,0.00011895415963155323,0.0
cermenoitalo,1,0,2,0,0.0001265119989325442,0.0
yulianar17,1,0,2,0,0.0001122545311140557,0.0
marce__blanco,2,0,2,0,0.00010887704056356524,5.117379901490437e-09
jasonborn1970,1,14,2,18,0.00010666971573197634,8.220639739410752e-05
joares2606,1,6,2,11,0.00011895415963155323,1.6742782471155252e-05
rivasbors,1,5,2,12,0.00013611305064856338,4.504203858328911e-06
hatecorruptos,1,1,2,2,0.0001265119989325442,3.0470290847740628e-05
bea_colmenares,1,0,2,0,9.050844072298441e-05,0.0
vctorroldan8,2,0,2,0,0.00011601499990339007,1.998976524019702e-09
the_msnm,1,3,2,4,0.00011895415963155323,0.0
titto_maradvic,1,8,2,26,9.667842274442185e-05,9.193931817782599e-07
jonodavila,1,4,2,6,0.00010054530739134231,6.789962253689555e-06
elanalitico_3,1,12,2,45,9.071756777764465e-05,3.472959959234123e-05
ancatruba,1,0,2,0,0.00017990408519045023,0.0
mfzmariel,1,4,2,7,0.00014907652465277337,1.1760110192903018e-06
alfredo51628363,1,16,2,17,9.052228797544424e-05,0.00024454156437370383
romeo_marroquin,1,2,2,3,9.667842274442185e-05,0.0
elias_letran,1,3,2,4,0.00010131920126257423,1.3207812498786046e-08
jorgitovasquez1,1,14,2,23,9.113281421455728e-05,0.0001446024431358091
jonydrum,1,1,2,2,9.49851679286545e-05,0.0
midesgt,2,2,2,2,0.0001672625408627417,3.1198571785791134e-07
chapinmundo,1,0,2,0,0.00010131920126257423,0.0
maxmart91095509,1,12,2,26,9.330331109485651e-05,2.820157018224478e-05
tvgtnoticias,1,0,2,0,9.200907533347562e-05,0.0
licopatron,1,11,2,34,9.200907533347562e-05,0.0009282946358614965
aquilesfaillace,1,0,2,0,0.0001265119989325442,0.0
wechalal,1,0,2,0,9.171395464498708e-05,0.0
superguicho,1,8,2,25,0.00011031662900184923,0.00011851493405845994
richard03821782,1,1,2,2,0.00013910839776752924,0.0
repjgt,1,1,2,2,9.215818392803969e-05,0.0
hermelindomele3,1,11,2,25,9.071756777764465e-05,6.370765810227078e-05
jorgesologt,1,0,2,0,9.275512577366736e-05,0.0
juanmarcoscq,1,2,2,3,0.00011190174270549555,2.427631587485141e-06
ladyjustice85,1,5,2,13,0.00012446621803495394,2.2717194973638064e-05
tito8829,1,2,2,3,9.628064172858023e-05,1.469697745694649e-06
pablvito,1,2,2,3,0.00010122637775285208,0.0
juanpac24983434,1,4,2,5,9.50523369571298e-05,0.0
b,2,0,2,0,0.00013752498280675653,0.0
marideaguilar1,1,2,2,3,9.628064172858023e-05,1.469697745694649e-06
josuefiallo,1,0,2,0,9.316859025170157e-05,0.0
juancar07183726,1,11,2,14,0.00010131920126257423,0.00013181548890288372
equissj,1,0,2,0,9.050844072298441e-05,0.0
guilmargallardo,1,1,2,2,0.00010867131148087914,0.0
yefryag,1,5,2,6,0.00013611305064856338,4.513230318966845e-06
smontenegrom,1,0,2,0,9.29216020392509e-05,0.0
luispe59,1,3,2,4,0.00016986493363882008,1.469697745694649e-06
billsantizo,1,3,2,3,0.00011895415963155323,9.84133855628737e-05
walterm91033122,1,15,2,29,0.00011031662900184923,9.407930683940045e-05
jeshek_shlomo,1,0,2,0,9.951971571471924e-05,0.0
cristhian2820,1,4,2,5,0.00010122637775285208,2.2012019684506617e-05
ediecuxac,1,0,2,0,9.050844072298441e-05,0.0
elrevoltijogt,1,80,2,218,0.00010045209671499754,0.007266801928938829
jrtoledo,1,4,2,5,0.00010499764293601794,4.038904771882946e-06
jr_bbrojo,1,2,2,3,0.00010222014179363207,0.0
pochemuchka_soy,1,0,2,0,0.00013910839776752924,0.0
apoyomutuo,1,0,1,0,8.911484920536414e-05,0.0
toro_esco,1,0,1,0,9.285471717420337e-05,0.0
ndiguate,1,0,1,0,9.285471717420337e-05,0.0
5topodersm,1,0,1,0,8.911484920536414e-05,0.0
orientesoy,1,0,1,0,8.923676993349722e-05,0.0
blancaalfaropc,1,0,1,0,8.911484920536414e-05,0.0
ppmp82,1,0,1,0,9.549670063867388e-05,0.0
rompeelmiedogt,1,0,1,0,9.285471717420337e-05,0.0
bancadawinaq,1,0,1,0,9.135148084646414e-05,0.0
desconsueloporr,1,0,1,0,9.951971571471924e-05,0.0
nadiadeleongt,1,0,1,0,9.712040165091258e-05,0.0
usacenlinea,1,0,1,0,9.502100184508174e-05,0.0
tiempoarg,1,0,1,0,0.00016222398132874767,0.0
santi_barrera__,1,0,1,0,8.968575974330849e-05,0.0
cpccoficial,1,0,1,0,0.0001926151972042946,0.0
lfernandab,1,0,1,0,8.968575974330849e-05,0.0
interpol_hq,1,0,1,0,8.986792959440605e-05,0.0
juanrralau,1,0,1,0,9.116081510532827e-05,0.0
cnn,1,0,1,0,9.116081510532827e-05,0.0
inguatprensa,1,0,1,0,9.817010155382797e-05,0.0
cambridge_uni,1,0,1,0,9.009695502776942e-05,0.0
villlaltaolga,1,0,1,0,9.316859025170157e-05,0.0
slowingu,1,0,1,0,9.316859025170157e-05,0.0
fabiankovacic,1,0,1,0,0.00016222398132874767,0.0
nicolasmaduro,1,0,1,0,9.116081510532827e-05,0.0
davidillescas_,1,0,1,0,0.00011391560009755923,0.0
conaviguagt,1,0,1,0,8.911484920536414e-05,0.0
abelardopintom,1,0,1,0,0.00016222398132874767,0.0
nancyvir,1,0,1,0,9.316859025170157e-05,0.0
247prensad,1,0,1,0,9.116081510532827e-05,0.0
guatemalasalud1,1,0,1,0,9.316859025170157e-05,0.0
anthonyblinken9,1,0,1,0,9.160403869452636e-05,0.0
drvc19,1,0,1,0,9.316859025170157e-05,0.0
gilbertoonoj,1,0,1,0,9.116081510532827e-05,0.0
amilcarpop,1,0,1,0,9.316859025170157e-05,0.0
comunistamexico,1,0,1,0,8.911484920536414e-05,0.0
emmanuelpixab,1,0,1,0,9.029735228196234e-05,0.0
21kmuniguate,1,0,1,0,9.559356542849015e-05,0.0
aire_energia,1,0,1,0,0.00010761740068006672,0.0
felipealejos,1,0,1,0,8.944182213066449e-05,0.0
pikaso_me,1,7,1,14,8.961562157528682e-05,5.0936385984498664e-05
lesterramirezeu,1,0,1,0,0.0002976252106667731,0.0
ogpguatemala,1,0,1,0,0.0031101736513765178,0.0
tititavares,1,0,1,0,9.502100184508174e-05,0.0
france24_es,1,0,1,0,9.412125907115422e-05,0.0
bantrab,1,0,1,0,8.923676993349722e-05,0.0
sansebastiangua,1,0,1,0,9.232177352329923e-05,0.0
andressuarezj,1,0,1,0,9.412125907115422e-05,0.0
unops,1,0,1,0,9.502100184508174e-05,0.0
_hannahritchie,1,0,1,0,0.0001643011954374992,0.0
pgn,1,0,1,0,8.944182213066449e-05,0.0
marlonh_of,1,0,1,0,8.961562157528682e-05,0.0
warrendavidson,1,0,1,0,8.944182213066449e-05,0.0
banquetavirtual,1,0,1,0,9.102280082144533e-05,0.0
ldigo,1,0,1,0,9.559356542849015e-05,0.0
jcchanta_eu,1,0,1,0,8.961562157528682e-05,0.0
fontierrasguate,1,0,1,0,8.911484920536414e-05,0.0
gtinmortal,1,0,1,0,8.911484920536414e-05,0.0
pueblaonline,1,0,1,0,9.628064172858023e-05,0.0
steg_guatemala,1,0,1,0,9.376136196158322e-05,0.0
ionebelarra,1,0,1,0,8.911484920536414e-05,0.0
mariafdacabal,1,0,1,0,8.911484920536414e-05,0.0
pabloechenique,1,0,1,0,8.911484920536414e-05,0.0
catarina_rh,1,0,1,0,0.00017270202573088143,0.0
fredypuacm,1,0,1,0,8.961562157528682e-05,0.0
joaquin_barnoya,1,0,1,0,9.162966369720115e-05,0.0
winaq_metro,1,0,1,0,8.911484920536414e-05,0.0
pcv_venezuela,1,0,1,0,8.911484920536414e-05,0.0
psoe,1,0,1,0,8.911484920536414e-05,0.0
usagovespanol,1,0,1,0,8.984568582016207e-05,0.0
aaronchemma,1,0,1,0,8.987096250515517e-05,0.0
cij_icj,1,0,1,0,8.944182213066449e-05,0.0
asinibaldi88,1,0,1,0,8.966753234021312e-05,0.0
dezurdos,1,0,1,0,8.911484920536414e-05,0.0
marycarr09,1,0,1,0,9.285471717420337e-05,0.0
pchicola,1,0,1,0,9.135148084646414e-05,0.0
kristhalfgr,1,0,1,0,9.285471717420337e-05,0.0
projusticiaguat,1,0,1,0,0.00011702210515750872,0.0
joseagrysian,1,0,1,0,9.285471717420337e-05,0.0
jczapata_s,1,0,1,0,0.00010761740068006672,0.0
vox_es,1,0,1,0,8.911484920536414e-05,0.0
confidencial_ni,1,0,1,0,0.00011702210515750872,0.0
egutierrezgiron,1,0,1,0,9.285471717420337e-05,0.0
eddie99243836,1,3,1,13,0.00010383848102957124,2.028833263868696e-05
dirlyngge,1,0,1,0,9.285471717420337e-05,0.0
deportivo_mixco,1,0,1,0,0.00010131920126257423,0.0
miriamroquel,1,0,1,0,8.923676993349722e-05,0.0
lfvalenzuela,1,0,1,0,9.712040165091258e-05,0.0
carlosmelgargt,1,0,1,0,9.419922971280043e-05,0.0
obrasmuniguate,1,0,1,0,0.00011391560009755923,0.0
sofismenchu,1,0,1,0,0.00017270202573088143,0.0
cpeguerotv,1,0,1,0,9.45365249668131e-05,0.0
bbarreto_v,1,0,1,0,0.00017270202573088143,0.0
wwf_mar,1,0,1,0,9.288687802695326e-05,0.0
el_exorcista_,1,0,1,0,8.911484920536414e-05,0.0
aeu_oliveriocdl,1,0,1,0,8.944182213066449e-05,0.0
agendaapmd,1,0,1,0,9.419922971280043e-05,0.0
gobernacionsv,1,0,1,0,9.817010155382797e-05,0.0
u_landivar,1,0,1,0,8.961562157528682e-05,0.0
sucontreras_tv,1,0,1,0,8.961562157528682e-05,0.0
cgcguatemala,1,0,1,0,8.944182213066449e-05,0.0
_soydelviento,1,0,1,0,9.502100184508174e-05,0.0
asazguagt,1,0,1,0,9.215818392803969e-05,0.0
apostolsergioe,1,0,1,0,9.124208219458624e-05,0.0
ciciggt,1,0,1,0,8.971725496719331e-05,0.0
salva_paiz,1,0,1,0,0.00018451155008032146,0.0
intlcrimcourt,1,0,1,0,9.215818392803969e-05,0.0
europarl_en,1,0,1,0,9.215818392803969e-05,0.0
vientomares,1,0,1,0,0.00017034430830762214,0.0
euronewspress,1,0,1,0,9.215818392803969e-05,0.0
amnestyusa,1,0,1,0,9.215818392803969e-05,0.0
pronacomgt,1,0,1,0,9.412125907115422e-05,0.0
anadieguatemala,1,0,1,0,9.412125907115422e-05,0.0
meridagary,1,0,1,0,0.00010761740068006672,0.0
sonora,1,0,1,0,9.124208219458624e-05,0.0
canales3y7,1,0,1,0,9.124208219458624e-05,0.0
udefegua,1,0,1,0,9.106989111410353e-05,0.0
claudia_gonzao,1,0,1,0,9.106989111410353e-05,0.0
canales11y13,1,0,1,0,9.124208219458624e-05,0.0
giovannireyeso1,1,0,1,0,0.00013041328972021032,0.0
adiosconsuelo,1,0,1,0,9.106989111410353e-05,0.0
valeriaroblesbb,1,0,1,0,9.215818392803969e-05,0.0
neidasolis_,1,0,1,0,9.048043947433134e-05,0.0
teddyallen,1,0,1,0,9.215818392803969e-05,0.0
luicacerg,1,0,1,0,9.412125907115422e-05,0.0
vicpalala,1,0,1,0,9.412125907115422e-05,0.0
mixcosemilla,1,0,1,0,0.00010131920126257423,0.0
syl_guru,1,0,1,0,9.215818392803969e-05,0.0
piratear3,1,0,1,0,9.215818392803969e-05,0.0
aljazeeraworld,1,0,1,0,9.412125907115422e-05,0.0
israelingt,1,0,1,0,9.412125907115422e-05,0.0
kikarhashabat,1,0,1,0,9.412125907115422e-05,0.0
consejomontejo,1,0,1,0,9.232177352329923e-05,0.0
tamarar77259349,1,0,1,0,9.572059230355712e-05,0.0
mvillcortaof,1,0,1,0,9.559356542849015e-05,0.0
sirjoker2020,1,0,1,0,9.374288220822307e-05,0.0
pegasus,1,0,1,0,0.00010383848102957124,0.0
fiscaliacol,1,0,1,0,0.00010383848102957124,0.0
xavimonterroso,1,0,1,0,9.270061258600555e-05,0.0
cogcomite,1,0,1,0,0.00011391560009755923,0.0
verduoosca49062,1,0,1,0,0.00010131920126257423,0.0
sandra_jobelp,1,0,1,0,9.628064172858023e-05,0.0
usembassybogota,1,0,1,0,9.215818392803969e-05,0.0
ukparliament,1,0,1,0,9.215818392803969e-05,0.0
karimkhanqc,1,0,1,0,9.215818392803969e-05,0.0
bloque_une,1,0,1,0,8.954430669943608e-05,0.0
ywn,1,0,1,0,9.412125907115422e-05,0.0
vinnews,1,0,1,0,9.412125907115422e-05,0.0
ueencolombia,1,0,1,0,9.215818392803969e-05,0.0
change,1,0,1,0,9.021837853628815e-05,0.0
onuhumanrights,1,0,1,0,9.215818392803969e-05,0.0
pmtantigua,1,0,1,0,9.20035023964131e-05,0.0
reuters,1,0,1,0,9.412125907115422e-05,0.0
brendamejialo,1,0,1,0,8.994180876645874e-05,0.0
onucolombia,1,0,1,0,9.215818392803969e-05,0.0
pgp1claudemir,1,0,1,0,9.215818392803969e-05,0.0
elpais_espana,1,0,1,0,0.00010383848102957124,0.0
paulabitencourt,1,0,1,0,9.215818392803969e-05,0.0
keir_starmer,1,0,1,0,9.215818392803969e-05,0.0
iwpr_al,1,0,1,0,0.00010041858712269856,0.0
hombretraficogt,1,0,1,0,9.023437028778743e-05,0.0
mazariegos_lima,1,1,1,2,8.929052382618301e-05,0.0
traficogtinfo,1,0,1,0,9.023437028778743e-05,0.0
borisjohnson,1,0,1,0,9.215818392803969e-05,0.0
casareal,1,0,1,0,9.215818392803969e-05,0.0
elisabeth_borne,1,0,1,0,9.215818392803969e-05,0.0
bmarroquin2021,1,0,1,0,9.114583052495837e-05,0.0
gabrielattal,1,0,1,0,9.215818392803969e-05,0.0
govpt,1,0,1,0,9.215818392803969e-05,0.0
koninklijkhuis,1,0,1,0,9.215818392803969e-05,0.0
efraincepeda,1,0,1,0,0.0001265119989325442,0.0
michelbarnier,1,0,1,0,9.215818392803969e-05,0.0
mlp_officiel,1,0,1,0,9.215818392803969e-05,0.0
pnspedronuno,1,0,1,0,9.215818392803969e-05,0.0
dictalord502_,1,0,1,0,9.34464519907086e-05,0.0
potus,1,0,1,0,9.215818392803969e-05,0.0
royalfamily,1,0,1,0,9.215818392803969e-05,0.0
swedishpm,1,0,1,0,9.215818392803969e-05,0.0
vonderleyen,1,0,1,0,9.215818392803969e-05,0.0
vp,1,0,1,0,9.215818392803969e-05,0.0
duolingo,1,0,1,0,8.948560260138463e-05,0.0
viniciojoseh,1,0,1,0,9.951971571471924e-05,0.0
senadogovco,1,0,1,0,0.0001265119989325442,0.0
norabra88894205,1,0,1,0,9.215818392803969e-05,0.0
gucciwinterbear,1,0,1,0,9.215818392803969e-05,0.0
lucoates2,1,0,1,0,9.215818392803969e-05,0.0
amedinillap,1,0,1,0,9.817010155382797e-05,0.0
llamarseraffa,1,0,1,0,9.215818392803969e-05,0.0
kielysinead80,1,0,1,0,9.215818392803969e-05,0.0
joshparker94,1,0,1,0,9.215818392803969e-05,0.0
cucguatemala,1,0,1,0,9.124208219458624e-05,0.0
donaltrump,1,0,1,0,9.791003018500341e-05,0.0
contrerasyili,1,0,1,0,9.174593814798563e-05,0.0
jake_peck,1,0,1,0,9.215818392803969e-05,0.0
j00ngse,1,0,1,0,9.215818392803969e-05,0.0
filthindabeauty,1,0,1,0,9.215818392803969e-05,0.0
nop7025,1,2,1,6,9.509901131380725e-05,0.0
eodunayomi,1,0,1,0,9.215818392803969e-05,0.0
crazymindlabs,1,0,1,0,9.215818392803969e-05,0.0
claudemir0911,1,0,1,0,9.215818392803969e-05,0.0
bafarawak,1,0,1,0,9.215818392803969e-05,0.0
cmonterrosog,1,0,1,0,9.008794537526351e-05,0.0
camendoza72,1,0,1,0,0.00010687194678214812,0.0
scepgt,1,2,1,4,0.00010687194678214812,9.59508731529457e-08
mariaolga98,1,0,1,0,9.200881951497664e-05,0.0
scoutsguatemala,1,0,1,0,0.00012077936435995283,0.0
worldscouting,1,0,1,0,0.00012077936435995283,0.0
fundebase,1,0,1,0,9.712040165091258e-05,0.0
amaguatemala,1,0,1,0,9.628064172858023e-05,0.0
infobaeamerica,1,0,1,0,8.971725496719331e-05,0.0
victorxoriginal,1,0,1,0,9.559356542849015e-05,0.0
luisivanbriones,1,0,1,0,9.215818392803969e-05,0.0
p_unionista,1,0,1,0,9.094569633964541e-05,0.0
lditos,1,0,1,0,9.094569633964541e-05,0.0
juanvictorcas1,1,0,1,0,9.200881951497664e-05,0.0
bacteriasound,1,0,1,0,8.98612986777411e-05,0.0
codisra_gt,1,0,1,0,0.00010383848102957124,0.0
linusvallejo,1,6,1,9,8.923676993349722e-05,2.2694688643198025e-06
uvgaltiplano,1,0,1,0,8.98612986777411e-05,0.0
guatealejandro,1,0,1,0,9.187190213633548e-05,0.0
uvggt,1,0,1,0,8.98612986777411e-05,0.0
partidovalor,1,0,1,0,9.502100184508174e-05,0.0
kongatot,1,0,1,0,0.00019613037925670274,0.0
brenda1976_,1,0,1,0,0.00010383848102957124,0.0
claroguatemala,1,0,1,0,9.187190213633548e-05,0.0
flordeapio,1,0,1,0,0.00029627822905253505,0.0
oacnudh_gt,1,0,1,0,0.00029627822905253505,0.0
karin_slowing_u,1,0,1,0,9.395143300965441e-05,0.0
jeffryoqueli,1,0,1,0,9.917918999503055e-05,0.0
luismiguelreyes,1,0,1,0,0.00011391560009755923,0.0
ana_elly_lopez,1,0,1,0,0.00011391560009755923,0.0
radiofiesta3,1,0,1,0,9.502100184508174e-05,0.0
julioflores_r,1,0,1,0,9.712040165091258e-05,0.0
ricardo_arjona,1,0,1,0,0.00010761740068006672,0.0
sitos,1,0,1,0,9.094569633964541e-05,0.0
shiguerita,1,0,1,0,8.9885546935434e-05,0.0
flip_org,1,0,1,0,8.9885546935434e-05,0.0
rodolforohrmos2,1,0,1,0,9.048043947433134e-05,0.0
mariochen76,1,0,1,0,8.971725496719331e-05,0.0
semillametro,1,0,1,0,8.971725496719331e-05,0.0
semillasactz,1,0,1,0,8.971725496719331e-05,0.0
adopcionesguate,1,0,1,0,8.971725496719331e-05,0.0
amchamgt,1,0,1,0,8.971725496719331e-05,0.0
mae_rusia,1,0,1,0,8.971725496719331e-05,0.0
uecentroamerica,1,0,1,0,8.971725496719331e-05,0.0
asfc_ca,1,0,1,0,9.048043947433134e-05,0.0
la_so_pa,1,0,1,0,0.00010761740068006672,0.0
nimajpu,1,0,1,0,9.048043947433134e-05,0.0
stanfordlaw,1,0,1,0,9.048043947433134e-05,0.0
clip_americalat,1,0,1,0,8.9885546935434e-05,0.0
pmtamatitlan,1,0,1,0,0.00011391560009755923,0.0
bancadacabal__,1,0,1,0,9.27019835198435e-05,0.0
samreu2,1,0,1,0,9.27019835198435e-05,0.0
barevalo,1,0,1,0,9.105114689155508e-05,0.0
fraijanespmt,1,0,1,0,9.057504007262316e-05,0.0
infotransitogt,1,0,1,0,9.057504007262316e-05,0.0
eu_commission,1,0,1,0,0.0004931243818621203,0.0
pmt_sanjuansac,1,0,1,0,9.057504007262316e-05,0.0
pmtoficialamat1,1,0,1,0,9.057504007262316e-05,0.0
yenerplaza,1,0,1,0,9.057504007262316e-05,0.0
legisladorgt,1,2,1,3,9.114583052495837e-05,6.895913921745798e-07
3yearletterman,1,0,1,0,9.52056943927306e-05,0.0
endwokeness,1,0,1,0,9.52056943927306e-05,0.0
gop,1,0,1,0,9.187190213633548e-05,0.0
uber,1,0,1,0,9.270061258600555e-05,0.0
kitapenasbb,1,0,1,0,9.559356542849015e-05,0.0
missguatelatina,1,0,1,0,9.559356542849015e-05,0.0
mvlanuevaeramb,1,0,1,0,9.559356542849015e-05,0.0
10downingstreet,1,0,1,0,9.187190213633548e-05,0.0
bundeskanzler,1,0,1,0,9.187190213633548e-05,0.0
mariarenepy,1,0,1,0,9.628064172858023e-05,0.0
business,1,0,1,0,9.187190213633548e-05,0.0
cnnbrk,1,0,1,0,9.187190213633548e-05,0.0
sergionovellie,1,0,1,0,9.559356542849015e-05,0.0
housedemocrats,1,0,1,0,9.187190213633548e-05,0.0
edurodriguezg,1,0,1,0,9.559356542849015e-05,0.0
housegop,1,0,1,0,9.187190213633548e-05,0.0
houseofcommons,1,0,1,0,9.187190213633548e-05,0.0
israelipm,1,0,1,0,9.187190213633548e-05,0.0
pontifex_es,1,0,1,0,9.187190213633548e-05,0.0
senatedems,1,0,1,0,9.187190213633548e-05,0.0
speakerpelosi,1,0,1,0,9.187190213633548e-05,0.0
texasgov,1,0,1,0,9.187190213633548e-05,0.0
whitehouse,1,0,1,0,9.187190213633548e-05,0.0
tcroa,1,0,1,0,9.559356542849015e-05,0.0
beadelcid,1,0,1,0,9.628064172858023e-05,0.0
gash276,1,0,1,0,9.559356542849015e-05,0.0
iwpr,1,0,1,0,0.00013495744335733219,0.0
josedelapena,1,0,1,0,9.712040165091258e-05,0.0
revistapetmi,1,0,1,0,9.628064172858023e-05,0.0
inafinogenova,1,0,1,0,0.0001643011954374992,0.0
georgesoros,1,0,1,0,9.124208219458624e-05,0.0
congresoeficie1,1,0,1,0,0.00010131920126257423,0.0
soyestauser,1,0,1,0,9.951971571471924e-05,0.0
tvntrafico,1,0,1,0,9.712040165091258e-05,0.0
vicgar,1,0,1,0,9.152200216869702e-05,0.0
pepebarra92,1,0,1,0,8.987939849101618e-05,0.0
mlukacs,1,0,1,0,0.00013459544960826346,0.0
icinthyaa,1,0,1,0,8.987939849101618e-05,0.0
proton,1,0,1,0,0.0002863879498498653,0.0
r,1,0,1,0,9.19811365961721e-05,0.0
casadedios,1,0,1,0,9.376136196158322e-05,0.0
mariobucarogt,1,0,1,0,9.376136196158322e-05,0.0
joshua_ec,1,0,1,0,9.712040165091258e-05,0.0
oswaldhs,1,0,1,0,9.502100184508174e-05,0.0
trialwatch,1,0,1,0,9.502100184508174e-05,0.0
elchirmol,1,0,1,0,9.502100184508174e-05,0.0
patudagarza,1,0,1,0,9.547147211061066e-05,0.0
wachicoler14688,1,1,1,2,9.200881951497664e-05,0.0
marcefitnessgt,1,0,1,0,9.951971571471924e-05,0.0
aefm_usac,1,0,1,0,0.00010761740068006672,0.0
prosperoventura,1,0,1,0,9.628064172858023e-05,0.0
oscargiron,1,0,1,0,0.000927473013361574,0.0
l,1,0,1,0,0.00011391560009755923,0.0
congressdotgov,1,0,1,0,9.056617786685535e-05,0.0
munimixco,1,0,1,0,9.712040165091258e-05,0.0
don_kamu,1,0,1,0,0.00010383848102957124,0.0
_cortaziana,1,4,1,5,0.0001003263709138125,0.0004619648203616403
elpais_inter,1,0,1,0,0.00010606471669724697,0.0
ustreasury,1,0,1,0,9.712040165091258e-05,0.0
southcom,1,0,1,0,9.712040165091258e-05,0.0
ciengt,1,0,1,0,0.0008510715654182203,0.0
irs_ci,1,0,1,0,9.712040165091258e-05,0.0
mixco,1,0,1,0,9.34464519907086e-05,0.0
alexiapicsa,1,2,1,3,9.547147211061066e-05,0.0
dhsgov,1,0,1,0,9.712040165091258e-05,0.0
youtube,1,0,1,0,0.0001643011954374992,0.0
jp_garrido5,1,0,1,0,0.0001385310179265628,0.0
fmendezargueta,1,11,1,21,0.00010761740068006672,0.0005936709580822746
mauech,1,0,1,0,0.00011391560009755923,0.0
josorio_soy502,1,0,1,0,9.215818392803969e-05,0.0
robertomolinab,1,0,1,0,9.817010155382797e-05,0.0
actualidadrt,1,0,1,0,9.712040165091258e-05,0.0
zoom_502gt,1,2,1,2,8.982865286005112e-05,4.997706096876907e-05
champurradaacf,1,9,1,12,9.267381261814764e-05,1.2797282107075857e-05
embeselsalvador,1,0,1,0,9.712040165091258e-05,0.0
oxfam_ca,1,0,1,0,0.0001423606879983766,0.0
nytimeses,1,0,1,0,9.712040165091258e-05,0.0
usembassysv,1,0,1,0,9.712040165091258e-05,0.0
diariodigitalgt,1,0,1,0,8.982865286005112e-05,0.0
ciudadcayala,1,0,1,0,8.982865286005112e-05,0.0
afigueredo88,1,0,1,0,9.062276900376225e-05,0.0
brendahernad,1,0,1,0,9.062276900376225e-05,0.0
satguatemala,1,0,1,0,9.951971571471924e-05,0.0
realrodrigopolo,1,4,1,5,9.945434002267892e-05,0.00019490458687307762
nickoco_,1,7,1,8,9.376136196158322e-05,0.00015135671439556005
comunidadtz,1,0,1,0,8.89466265737028e-05,0.0
threadreaderapp,1,3,1,4,0.00011825708308948086,4.174184966505311e-05
edwinbercian89,1,0,1,0,9.197825040977006e-05,0.0
santipenap,1,0,1,0,9.376136196158322e-05,0.0
joseraulmulino,1,0,1,0,9.376136196158322e-05,0.0
inacifgt,1,0,1,0,0.00024073524531835106,0.0
piciregional,1,0,1,0,8.89466265737028e-05,0.0
lu_201,1,0,1,0,8.89466265737028e-05,0.0
impunitywatchgt,1,0,1,0,8.89466265737028e-05,0.0
fygeditores,1,0,1,0,8.89466265737028e-05,0.0
memguatemala,1,0,1,0,9.45365249668131e-05,0.0
freevirginial,1,0,1,0,8.89466265737028e-05,0.0
sre_mx,1,0,1,0,0.00010383848102957124,0.0
asambleasp,1,0,1,0,8.89466265737028e-05,0.0
saul_muniz,1,0,1,0,0.00011391560009755923,0.0
pmtvillacanales,1,0,1,0,9.34464519907086e-05,0.0
canela_news,1,0,1,0,8.916591740943465e-05,0.0
deahq,1,0,1,0,8.916591740943465e-05,0.0
dera,1,0,1,0,9.251460710756672e-05,0.0
gramajojavier,1,0,1,0,8.916591740943465e-05,0.0
mavtarquitecto,1,0,1,0,9.316859025170157e-05,0.0
josueacevedo_gt,1,0,1,0,0.0001286848037284998,0.0
lincyrodriguezg,1,0,1,0,0.0001286848037284998,0.0
aliadasgt,1,0,1,0,8.89466265737028e-05,0.0
juliohectore,1,0,1,0,8.916591740943465e-05,0.0
poderjudicialpy,1,0,1,0,9.152200216869702e-05,0.0
francisarguetaa,1,0,1,0,9.45365249668131e-05,0.0
jhfranco91,1,0,1,0,9.132895391068956e-05,0.0
fbi,1,0,1,0,9.712040165091258e-05,0.0
pastorcashluna,1,0,1,0,0.0001954958415524424,0.0
andreakomio,1,0,1,0,9.071170750679739e-05,0.0
blushizzi,1,7,1,8,0.00010042603883252794,3.5288658888551804e-05
mofa_taiwan,1,0,1,0,9.29216020392509e-05,0.0
senatordurbin,1,0,1,0,9.056617786685535e-05,0.0
evoespueblo,1,0,1,0,9.29216020392509e-05,0.0
dcoronell,1,0,1,0,9.200881951497664e-05,0.0
fdbedout,1,0,1,0,9.056617786685535e-05,0.0
mynorespinoza,1,0,1,0,9.712040165091258e-05,0.0
globalfreemedia,1,0,1,0,9.200881951497664e-05,0.0
nando_oz10,0,1,0,2,8.872280242758923e-05,0.0
milagrosa_reyes,0,4,0,5,8.872280242758923e-05,8.065171761690978e-07
anabel97646029,0,3,0,4,8.872280242758923e-05,2.810938820880443e-06
anabelynz,0,1,0,2,8.872280242758923e-05,0.0
anabnm68,0,2,0,3,8.872280242758923e-05,0.0
nandaveneno,0,2,0,3,8.872280242758923e-05,2.374551315232981e-06
anacasgu19,0,6,0,11,8.872280242758923e-05,2.2846496922173695e-05
natso10,0,5,0,6,8.872280242758923e-05,2.6540760055708323e-05
natgtfree,0,7,0,12,8.872280242758923e-05,3.935582669873935e-05
nandiherrera,0,3,0,4,8.872280242758923e-05,0.00027836650978669305
natanurizar,0,1,0,2,8.872280242758923e-05,0.0
nandwich,0,3,0,4,8.872280242758923e-05,5.1195753578483445e-06
milanova43,0,1,0,2,8.872280242758923e-05,0.0
mikeraemond,0,2,0,5,8.872280242758923e-05,0.0
nancyelreceso1,0,2,0,3,8.872280242758923e-05,3.2634748797143027e-07
mikikahn,0,2,0,3,8.872280242758923e-05,0.0
nandoguate,0,4,0,10,8.872280242758923e-05,1.8784104076837405e-06
aljudyc,0,14,0,27,8.872280242758923e-05,0.002578392814345629
nachitop110505,0,20,0,38,8.872280242758923e-05,7.088970080617265e-05
anaagui63016711,0,8,0,9,8.872280242758923e-05,8.915525945718624e-05
nahumperalta77,0,3,0,4,8.872280242758923e-05,2.810938820880443e-06
mvpitalia1,0,2,0,3,8.872280242758923e-05,8.939838091488798e-07
mvtrooper,0,16,0,55,8.872280242758923e-05,0.001304975161345232
allan_luther,0,1,0,2,8.872280242758923e-05,0.0
mxgodnez,0,2,0,3,8.872280242758923e-05,0.0
mylemlem,0,9,0,18,8.872280242758923e-05,0.0011559599752527443
allan_gt,0,2,0,3,8.872280242758923e-05,7.854337528914476e-05
mynor1358,0,3,0,6,8.872280242758923e-05,7.33044883681596e-06
mynor_veliz,0,4,0,5,8.872280242758923e-05,1.643619854436553e-05
mynorarmando,0,1,0,2,8.872280242758923e-05,0.0
amnistia2016,0,3,0,4,8.872280242758923e-05,3.6381259190187788e-06
mynorslt,0,3,0,4,8.872280242758923e-05,0.0
myrdeleon007,0,1,0,1,8.872280242758923e-05,0.0
myrdur,0,2,0,3,8.872280242758923e-05,0.0
myriamgarc64056,0,2,0,5,8.872280242758923e-05,0.0
n45_naz238,0,2,0,3,8.872280242758923e-05,0.0
n_dr3w,0,1,0,2,8.872280242758923e-05,0.0
amoscervantes1,0,1,0,2,8.872280242758923e-05,0.0
an0n1mu5s,0,2,0,3,8.872280242758923e-05,0.0
mikepad87,0,1,0,4,8.872280242758923e-05,0.0
navy_shock,0,1,0,1,8.872280242758923e-05,0.0
negrismr19,0,3,0,8,8.872280242758923e-05,2.466683197073446e-06
ncachureco,0,2,0,7,8.872280242758923e-05,1.8784104076837405e-06
netcentero_gt,0,1,0,2,8.872280242758923e-05,0.0
miguelpitomtz,0,8,0,11,8.872280242758923e-05,5.071717655716824e-06
neykerforoz,0,6,0,7,8.872280242758923e-05,1.3024354633590822e-05
miguelareyesc82,0,3,0,10,8.872280242758923e-05,0.0
miguela06503822,0,1,0,2,8.872280242758923e-05,0.0
nichitomonterr2,0,2,0,5,8.872280242758923e-05,1.469697745694649e-06
nicrossellguate,0,2,0,3,8.872280242758923e-05,0.0
nidiahnova,0,6,0,7,8.872280242758923e-05,2.751511996196372e-05
nikolazmora,0,2,0,5,8.872280242758923e-05,7.71724062950577e-05
alito_199,0,2,0,3,8.872280242758923e-05,0.0
alis_ortizz,0,7,0,15,8.872280242758923e-05,2.1726595707277373e-06
nimalinde,0,1,0,2,8.872280242758923e-05,0.0
alilapeque25,0,2,0,3,8.872280242758923e-05,0.0
nissipaluzza,0,4,0,5,8.872280242758923e-05,5.007425070347713e-07
algdelopez,0,2,0,5,8.872280242758923e-05,0.0001919017463058914
nobody_vg,0,5,0,6,8.872280242758923e-05,4.504203858328911e-06
nocomo20,0,1,0,1,8.872280242758923e-05,0.0
noe_sanchezzsn,0,2,0,3,8.872280242758923e-05,0.0
noel_hurtarte,0,2,0,3,8.872280242758923e-05,1.048447322579755e-05
noetineco,0,14,0,23,8.872280242758923e-05,0.00016059032961231466
newlibertario1,0,5,0,10,8.872280242758923e-05,0.00010809263909054938
net_gua,0,2,0,5,8.872280242758923e-05,3.6016271520832724e-07
nd_marti,0,3,0,4,8.872280242758923e-05,8.512471796685442e-07
anaelifurlan,0,5,0,8,8.872280242758923e-05,5.164514085293385e-07
aljimeneze,0,4,0,10,8.872280242758923e-05,5.007425070347713e-07
murusho1978,0,2,0,3,8.872280242758923e-05,0.0
anae08franco,0,3,0,4,8.872280242758923e-05,0.0
mikepachino_7,0,21,0,44,8.872280242758923e-05,0.00024812154338875475
mikecrossjdm,0,5,0,6,8.872280242758923e-05,5.007425070347713e-07
mikecastillo62,0,8,0,11,8.872280242758923e-05,2.6197969095083214e-06
mike_1087jl,0,9,0,19,8.872280242758923e-05,8.954362596578549e-06
mike20232013,0,1,0,2,8.872280242758923e-05,0.0
negritovb74,0,2,0,3,8.872280242758923e-05,0.0
neil031979,0,13,0,14,8.872280242758923e-05,9.910301132742174e-05
nelcast22,0,3,0,6,8.872280242758923e-05,4.9077683574368806e-05
alitocute,0,4,0,7,8.872280242758923e-05,0.00011481767179764113
nellychopen,0,4,0,5,8.872280242758923e-05,1.5291903059599907e-06
nemecioortiz2,0,3,0,6,8.872280242758923e-05,9.012496275275116e-05
neryrol,0,1,0,3,8.872280242758923e-05,0.0
mihumarju1,0,14,0,19,8.872280242758923e-05,2.6729478223656734e-05
nerysicaja,0,3,0,4,8.872280242758923e-05,1.732066130426769e-05
nestorlflo68191,0,3,0,4,8.872280242758923e-05,1.469697745694649e-06
migueltrag1,0,10,0,11,8.872280242758923e-05,1.0808486249743626e-05
mvelasquezu,0,4,0,5,8.872280242758923e-05,4.504203858328911e-06
alvaromayorga13,0,2,0,3,8.872280242758923e-05,0.0
mununo57,0,12,0,15,8.872280242758923e-05,2.3496281660388318e-05
moralesjosea21,0,2,0,3,8.872280242758923e-05,0.0
minominito,0,1,0,2,8.872280242758923e-05,0.0
mini_licgt,0,3,0,6,8.872280242758923e-05,0.0
mnorgoogmex_y_y,0,1,0,1,8.872280242758923e-05,0.0
molioscar_,0,3,0,4,8.872280242758923e-05,0.00019841771771339977
ambulanterm1,0,8,0,15,8.872280242758923e-05,7.001810649607776e-06
alvaingenieros,0,9,0,9,8.872280242758923e-05,0.002929982617363326
mollygt503,0,2,0,3,8.872280242758923e-05,3.229840896450136e-06
monica_gil7,0,4,0,7,8.872280242758923e-05,4.716263507614303e-06
amce99977117,0,2,0,3,8.872280242758923e-05,0.0
monicaloaiza20,0,6,0,9,8.872280242758923e-05,0.00033121671241427195
almendi59,0,1,0,2,8.872280242758923e-05,0.0
allfalvarez,0,5,0,9,8.872280242758923e-05,9.536626401603522e-06
monicam76799633,0,2,0,3,8.872280242758923e-05,8.19405733178034e-06
monicarabanale1,0,3,0,6,8.872280242758923e-05,2.810938820880443e-06
monse79658848,0,3,0,4,8.872280242758923e-05,3.6016271520832724e-07
montielaldana,0,1,0,2,8.872280242758923e-05,0.0
mincho_guate,0,2,0,3,8.872280242758923e-05,7.268662491254245e-06
moquera_agapito,0,2,0,3,8.872280242758923e-05,0.0
moralesazo,0,15,0,22,8.872280242758923e-05,0.00040880240751781576
mirandaalonzo01,0,9,0,18,8.872280242758923e-05,0.0001694802509136962
mnaojil,0,6,0,11,8.872280242758923e-05,5.9660844413110256e-06
mms_2019,0,2,0,2,8.872280242758923e-05,0.0
mironraquel,0,5,0,12,8.872280242758923e-05,6.430378598604423e-05
alvaroc48222,0,1,0,2,8.872280242758923e-05,0.0
alvare_vinicio,0,2,0,3,8.872280242758923e-05,0.0
alvaradoanaite,0,8,0,23,8.872280242758923e-05,6.965147509327582e-05
alvarotaquira,0,4,0,5,8.872280242758923e-05,4.504203858328911e-06
alvarado66gt,0,11,0,23,8.872280242758923e-05,5.30344468980472e-05
amadis_reyes11,0,3,0,6,8.872280242758923e-05,0.0
amayen_gt,0,3,0,4,8.872280242758923e-05,1.0144391689811246e-06
alvar4jose,0,1,0,2,8.872280242758923e-05,0.0
mjang0,0,2,0,3,8.872280242758923e-05,0.0001919017463058914
mmrgt,0,3,0,4,8.872280242758923e-05,0.0
ambientalistad1,0,1,0,2,8.872280242758923e-05,0.0
ambrosesaklan,0,4,0,12,8.872280242758923e-05,5.007425070347713e-07
mjea2006,0,2,0,3,8.872280242758923e-05,0.0
mkano1011,0,1,0,2,8.872280242758923e-05,0.0
mirandamagdhiel,0,2,0,5,8.872280242758923e-05,6.234644443842903e-05
mmerida65,0,6,0,7,8.872280242758923e-05,6.042325124855266e-06
mmiaumersons,0,12,0,14,8.872280242758923e-05,5.9585407642173285e-05
mmollinedo1,0,2,0,3,8.872280242758923e-05,2.358004811717977e-07
mimimansilla,0,7,0,8,8.872280242758923e-05,2.1726595707277373e-06
moran_barreda,0,4,0,9,8.872280242758923e-05,3.608844841766806e-07
amilkar31994010,0,2,0,3,8.872280242758923e-05,0.0
morawskim56694,0,4,0,7,8.872280242758923e-05,2.2885993545299334e-06
milo_fuentes15,0,3,0,3,8.872280242758923e-05,1.5342143535079732e-06
mropinadorgt,0,1,0,2,8.872280242758923e-05,0.0
mrsotoma66,0,4,0,5,8.872280242758923e-05,5.007425070347713e-07
mrtato2001,0,2,0,3,8.872280242758923e-05,9.812907685302587e-07
amidark,0,4,0,5,8.872280242758923e-05,0.0007197974965347268
mrvasille,0,2,0,3,8.872280242758923e-05,0.0
mrviajerogt,0,16,0,19,8.872280242758923e-05,0.00011134485365328986
mslowg,0,2,0,3,8.872280242758923e-05,0.0
amigueprogre,0,2,0,3,8.872280242758923e-05,0.0
mujeractualidad,0,2,0,3,8.872280242758923e-05,0.0
mujica2710,0,1,0,2,8.872280242758923e-05,0.0
multifa0suarez,0,5,0,8,8.872280242758923e-05,1.07039641398457e-06
amihernandez15,0,2,0,3,8.872280242758923e-05,4.4975820377998734e-07
mundialdeglobos,0,3,0,4,8.872280242758923e-05,0.0
allandicen,0,4,0,5,8.872280242758923e-05,0.00042297877837860627
amilcarper45580,0,1,0,2,8.872280242758923e-05,0.0
allancito76,0,2,0,5,8.872280242758923e-05,2.1746869403102917e-05
alvaronavaspere,0,2,0,3,8.872280242758923e-05,0.0
munoz_analu,0,4,0,6,8.872280242758923e-05,0.0004119909949332369
mrodriguezdek,0,3,0,6,8.872280242758923e-05,0.0
mroberto32,0,1,0,2,8.872280242758923e-05,0.0
mrjack_mas,0,4,0,5,8.872280242758923e-05,1.524971120927668e-06
amcentec,0,1,0,4,8.872280242758923e-05,0.0
morisduarte55,0,3,0,4,8.872280242758923e-05,1.2937505096512455e-05
mother1mely,0,1,0,2,8.872280242758923e-05,0.0
motin_gt,0,1,0,2,8.872280242758923e-05,0.0
mottoa_jai718,0,2,0,3,8.872280242758923e-05,0.0
mouseztar,0,4,0,5,8.872280242758923e-05,8.065171761690978e-07
moyimozo,0,5,0,8,8.872280242758923e-05,7.609942408849412e-05
allanguevara,0,8,0,9,8.872280242758923e-05,8.954362596578549e-06
mpgaleano,0,2,0,3,8.872280242758923e-05,1.469697745694649e-06
miltonrcabrera1,0,7,0,8,8.872280242758923e-05,0.00022541473409505184
mrdogo35,0,19,0,32,8.872280242758923e-05,6.330927793999356e-05
mr_andrew89,0,5,0,8,8.872280242758923e-05,5.492113118344446e-07
mr_checha,0,2,0,3,8.872280242758923e-05,0.0
milthon_mc,0,1,0,2,8.872280242758923e-05,0.0
mr_latigo_,0,5,0,8,8.872280242758923e-05,4.616996263032006e-07
allanfalfa69010,0,1,0,2,8.872280242758923e-05,0.0
milojerez,0,6,0,7,8.872280242758923e-05,7.461731956960175e-05
mr_rocky83,0,1,0,2,8.872280242758923e-05,0.0
mrcruzgt,0,2,0,3,8.872280242758923e-05,0.0
munecanice46950,0,2,0,5,8.872280242758923e-05,0.0
dlro53728,0,2,0,3,8.872280242758923e-05,4.1456557565536754e-05
algamezhigueros,0,3,0,4,8.872280242758923e-05,3.7078270978627363e-06
paiche2024,0,1,0,2,8.872280242758923e-05,0.0
pajarit92336502,0,3,0,6,8.872280242758923e-05,7.881678866134825e-08
pajarraco47,0,7,0,10,8.872280242758923e-05,0.00011402571133851251
alexdel92022343,0,11,0,13,8.872280242758923e-05,4.104454997060717e-05
palenci4ricard0,0,8,0,9,8.872280242758923e-05,1.0610269516077665e-05
palmasi1,0,1,0,6,8.872280242758923e-05,0.0
palomilla_81,0,2,0,3,8.872280242758923e-05,0.0
panagil,0,1,0,2,8.872280242758923e-05,0.0
panchogal,0,1,0,2,8.872280242758923e-05,0.0
alexchoco1,0,3,0,4,8.872280242758923e-05,1.4916858103933969e-06
paoh666_,0,3,0,4,8.872280242758923e-05,6.396634782146484e-05
paolistacorazon,0,2,0,3,8.872280242758923e-05,0.0
paolo_970,0,2,0,3,8.872280242758923e-05,1.566959431910413e-05
paozoey2,0,19,0,30,8.872280242758923e-05,0.00037189676609373476
alexcastt,0,2,0,3,8.872280242758923e-05,4.068018311569101e-06
alexandrajht,0,1,0,4,8.872280242758923e-05,0.0
alexanderrl1222,0,2,0,3,8.872280242758923e-05,0.0
paquetecuetes_,0,4,0,9,8.872280242758923e-05,5.6922680588323386e-08
paquitomendez,0,2,0,3,8.872280242758923e-05,2.1746869403102917e-05
parabensvzla,0,15,0,31,8.872280242758923e-05,0.0013095755523998285
alexanderh502,0,1,0,2,8.872280242758923e-05,0.0
alexander8928,0,7,0,17,8.872280242758923e-05,8.669969221285868e-05
alexacrab,0,2,0,3,8.872280242758923e-05,2.27051029719818e-05
alex41404799,0,4,0,5,8.872280242758923e-05,3.2634748797143027e-07
pajafumo,0,3,0,6,8.872280242758923e-05,0.0
paezsamuel4,0,1,0,2,8.872280242758923e-05,0.0
alexeiiw,0,1,0,2,8.872280242758923e-05,0.0
paes_092,0,4,0,5,8.872280242758923e-05,5.007425070347713e-07
oxlabal,0,2,0,2,8.872280242758923e-05,1.1213344192900915e-05
ozaeta1331,0,1,0,2,8.872280242758923e-05,0.0
p4tty502,0,3,0,4,8.872280242758923e-05,0.00011481767179764113
pablillo_ortiz,0,1,0,2,8.872280242758923e-05,0.0
pablitolemus_dv,0,6,0,7,8.872280242758923e-05,1.3024354633590822e-05
pablitomrls,0,4,0,5,8.872280242758923e-05,0.0
pablo160485,0,2,0,3,8.872280242758923e-05,0.0
pablo_arriola_,0,5,0,18,8.872280242758923e-05,1.9404616684225555e-05
pablocarias12,0,6,0,21,8.872280242758923e-05,0.00024967040856763536
pablocasx1,0,1,0,1,8.872280242758923e-05,0.0
pabloelopgt,0,4,0,10,8.872280242758923e-05,7.36140410001771e-07
pabloemili12345,0,2,0,3,8.872280242758923e-05,0.0
pablolat,0,4,0,5,8.872280242758923e-05,3.2634748797143027e-07
pabloortizmili1,0,1,0,2,8.872280242758923e-05,0.0
pabloov42732251,0,1,0,2,8.872280242758923e-05,0.0
pablopa62765980,0,4,0,5,8.872280242758923e-05,5.9140621393580315e-05
pablopilona,0,1,0,1,8.872280242758923e-05,0.0
pabloriv1980,0,1,0,2,8.872280242758923e-05,0.0
pachanga0gt,0,4,0,17,8.872280242758923e-05,6.824522102000675e-05
paco_pique86,0,4,0,7,8.872280242758923e-05,1.8806130570002167e-06
pacojnavarrom,0,4,0,4,8.872280242758923e-05,0.00010053597520971421
padillarodolfo,0,2,0,3,8.872280242758923e-05,0.0
padutout_,0,4,0,15,8.872280242758923e-05,1.7571536524358993e-07
alex40_a,0,2,0,3,8.872280242758923e-05,0.0
alex290621,0,3,0,4,8.872280242758923e-05,8.81260315631276e-06
aless_dl,0,1,0,2,8.872280242758923e-05,0.0
pascual_elias,0,1,0,2,8.872280242758923e-05,0.0
alemsagastume,0,2,0,3,8.872280242758923e-05,9.812907685302587e-07
alekssaquiquel,0,3,0,3,8.872280242758923e-05,1.878539605462796e-05
pedrolhernande6,0,4,0,9,8.872280242758923e-05,5.876393878933817e-07
pedroma47399018,0,5,0,9,8.872280242758923e-05,5.3322235016133755e-06
peedugu,0,5,0,6,8.872280242758923e-05,0.00014131979533811833
peinadojc,0,4,0,7,8.872280242758923e-05,2.6346136272902453e-06
peluche61808306,0,12,0,13,8.872280242758923e-05,2.0201403435339825e-05
pensamientos_y_,0,4,0,5,8.872280242758923e-05,4.504203858328911e-06
pensantedel2012,0,3,0,4,8.872280242758923e-05,1.57252406829187e-05
alejandrohuard,0,3,0,3,8.872280242758923e-05,6.317796226215402e-06
pepitoale2,0,1,0,2,8.872280242758923e-05,0.0
perez10system,0,3,0,4,8.872280242758923e-05,0.0
perlacano5,0,2,0,3,8.872280242758923e-05,3.715685889599584e-06
perquerin,0,1,0,2,8.872280242758923e-05,0.0
peter7730221843,0,4,0,5,8.872280242758923e-05,2.6346136272902453e-06
alejandroa30266,0,3,0,4,8.872280242758923e-05,3.7180322477363744e-06
peterxela90,0,5,0,8,8.872280242758923e-05,4.847848967412939e-06
alejand22363073,0,6,0,9,8.872280242758923e-05,3.5409290070303625e-05
pflo1979,0,2,0,3,8.872280242758923e-05,0.0
pfpaau,0,2,0,3,8.872280242758923e-05,0.0
pholitaw,0,8,0,13,8.872280242758923e-05,9.254005874454287e-05
alejand04426768,0,2,0,4,8.872280242758923e-05,0.0
alejan_rodr,0,1,0,1,8.872280242758923e-05,0.0
pedrocardoza1,0,2,0,3,8.872280242758923e-05,3.210930934396097e-05
pedroal87851079,0,4,0,5,8.872280242758923e-05,4.504203858328911e-06
pedroal59490837,0,7,0,8,8.872280242758923e-05,0.00024136793662930911
patty230767,0,2,0,3,8.872280242758923e-05,1.469697745694649e-06
pass_blue,0,1,0,1,8.872280242758923e-05,0.0
pastorajcastro,0,13,0,30,8.872280242758923e-05,0.0003598140300033693
patadechuchosoy,0,2,0,3,8.872280242758923e-05,0.0
alertagt502,0,9,0,11,8.872280242758923e-05,6.86651010486777e-05
patojodeltuit,0,4,0,5,8.872280242758923e-05,8.266595367135882e-05
aler337268,0,2,0,3,8.872280242758923e-05,2.1008451774138796e-05
patosalvajegt,0,7,0,8,8.872280242758923e-05,2.955873640232576e-05
patrici10239810,0,2,0,3,8.872280242758923e-05,0.0
patriciahxela,0,1,0,2,8.872280242758923e-05,0.0
patriotachapin,0,13,0,16,8.872280242758923e-05,1.906103282070503e-05
paul2fue4,0,9,0,10,8.872280242758923e-05,0.00011599713601136514
pedro_d_delgado,0,3,0,4,8.872280242758923e-05,7.268662491254245e-06
paulinavas13,0,3,0,4,8.872280242758923e-05,3.2634748797143027e-07
paulo_larioss,0,2,0,6,8.872280242758923e-05,0.0
paw_green,0,11,0,12,8.872280242758923e-05,0.00070330441067
payo_neer,0,4,0,4,8.872280242758923e-05,4.010035518174613e-06
payuk_,0,1,0,2,8.872280242758923e-05,0.0
pazquinsur,0,2,0,3,8.872280242758923e-05,0.0
pbosoriot,0,1,0,2,8.872280242758923e-05,0.0
pe00278230,0,11,0,23,8.872280242758923e-05,3.3773112711474285e-05
pecosa160110,0,2,0,3,8.872280242758923e-05,0.0
pedalearr,0,2,0,3,8.872280242758923e-05,1.4804749249146342e-05
ovalenzugt2,0,3,0,4,8.872280242758923e-05,0.0
ourworldindata,0,1,0,1,8.872280242758923e-05,0.0
alfredomar20434,0,3,0,4,8.872280242758923e-05,1.4916858103933969e-06
obautista25,0,2,0,3,8.872280242758923e-05,0.0
ochaclanc,0,6,0,10,8.872280242758923e-05,7.614533821973798e-05
ockrassa,0,2,0,3,8.872280242758923e-05,0.0
alfintwit,0,2,0,3,8.872280242758923e-05,1.469697745694649e-06
alfatangonov,0,1,0,4,8.872280242758923e-05,0.0
odgome,0,1,0,2,8.872280242758923e-05,0.0
odiaz1658,0,10,0,20,8.872280242758923e-05,9.480188708765015e-06
aleydaguare,0,4,0,5,8.872280242758923e-05,0.0
alexxitomorales,0,1,0,2,8.872280242758923e-05,0.0
oecalderonm,0,2,0,3,8.872280242758923e-05,0.0
alexwinngjdm,0,13,0,14,8.872280242758923e-05,9.910301132742174e-05
oise1970,0,1,0,2,8.872280242758923e-05,0.0
oj_castro,0,4,0,7,8.872280242758923e-05,1.7891018717757426e-07
olamarvin402,0,1,0,2,8.872280242758923e-05,0.0
olgadiaz70157,0,6,0,13,8.872280242758923e-05,6.83808363681165e-06
olgaleslie,0,2,0,3,8.872280242758923e-05,0.0
oliver_1b,0,1,0,2,8.872280242758923e-05,0.0
olmsteadsergio,0,5,0,8,8.872280242758923e-05,1.9057199458491235e-06
olvannysan79318,0,2,0,3,8.872280242758923e-05,0.0
omac_0089,0,1,0,2,8.872280242758923e-05,0.0
omar90delta,0,10,0,11,8.872280242758923e-05,1.0830146542829285e-05
alexrtem,0,1,0,2,8.872280242758923e-05,0.0
omarmartinezs1,0,2,0,3,8.872280242758923e-05,0.0
omarmor15810135,0,3,0,4,8.872280242758923e-05,0.0
obi_wong,0,1,0,2,8.872280242758923e-05,0.0
alfonso52067664,0,10,0,13,8.872280242758923e-05,5.671372244526127e-05
ottoottomar,0,9,0,10,8.872280242758923e-05,0.0006905053222970498
oalmeguz,0,5,0,6,8.872280242758923e-05,0.00023466119536624024
alfredobar80164,0,1,0,2,8.872280242758923e-05,0.0
alfredo14314093,0,3,0,4,8.872280242758923e-05,0.0
noizquierda3,0,7,0,13,8.872280242758923e-05,3.379634116342869e-05
nombredeguerra1,0,4,0,7,8.872280242758923e-05,1.4451216987757086e-08
nomechinguengt,0,3,0,4,8.872280242758923e-05,3.6016271520832724e-07
nonidindadelia,0,4,0,5,8.872280242758923e-05,5.007425070347713e-07
nopalmagico,0,1,0,2,8.872280242758923e-05,0.0
norcasmon,0,2,0,3,8.872280242758923e-05,0.0
noreias,0,11,0,18,8.872280242758923e-05,6.0381778758714616e-05
norma00707408,0,11,0,14,8.872280242758923e-05,1.6111930927752435e-05
normaoc54376984,0,2,0,3,8.872280242758923e-05,4.508693934090054e-06
normato67,0,3,0,4,8.872280242758923e-05,0.0
norv_cast46,0,2,0,2,8.872280242758923e-05,0.0
miguel_artiga,0,9,0,19,8.872280242758923e-05,6.29798946772206e-05
nosmienten_,0,2,0,3,8.872280242758923e-05,0.0
nosoynetcenter,0,4,0,8,8.872280242758923e-05,3.9224669127713663e-07
noticiasjorgems,0,1,0,2,8.872280242758923e-05,0.0
novalibre,0,2,0,3,8.872280242758923e-05,0.0
novaspiro22,0,4,0,5,8.872280242758923e-05,0.0
nthinglsethnme,0,6,0,12,8.872280242758923e-05,0.0001959986117812555
alfonsolopez210,0,8,0,9,8.872280242758923e-05,8.97230721100055e-06
nx74205_defiant,0,1,0,2,8.872280242758923e-05,0.0
o_leaker,0,3,0,4,8.872280242758923e-05,3.6016271520832724e-07
omarmoraleslopz,0,8,0,9,8.872280242758923e-05,4.397840736458468e-05
omarshariff2021,0,1,0,2,8.872280242758923e-05,0.0
ommaar51964660,0,4,0,7,8.872280242758923e-05,0.00019690547003275774
alexricoflores3,0,3,0,4,8.872280242758923e-05,0.00013490058653531833
oscarcordon,0,4,0,5,8.872280242758923e-05,0.0
oscarde13742758,0,1,0,4,8.872280242758923e-05,0.0
oscardnb_,0,2,0,3,8.872280242758923e-05,0.0
oscarin2101,0,2,0,5,8.872280242758923e-05,0.0
oscarito_rl,0,4,0,5,8.872280242758923e-05,5.007425070347713e-07
oscarme75823402,0,5,0,10,8.872280242758923e-05,3.1894835030813733e-06
oscarpe08164698,0,1,0,2,8.872280242758923e-05,0.0
oscarrosenz,0,3,0,3,8.872280242758923e-05,9.9567573881363e-05
oscarrpaniagua,0,4,0,5,8.872280242758923e-05,1.5291903059599907e-06
oscarvi14778594,0,3,0,6,8.872280242758923e-05,0.0
oscas1405,0,1,0,2,8.872280242758923e-05,0.0
osiris20201,0,1,0,6,8.872280242758923e-05,0.0
ositapanda9,0,13,0,26,8.872280242758923e-05,0.00029774728174285654
alexluis_ordo,0,1,0,2,8.872280242758923e-05,0.0
osmosis_gt,0,1,0,2,8.872280242758923e-05,0.0
othmancgrstones,0,5,0,12,8.872280242758923e-05,5.2717943581461515e-06
otocapo,0,5,0,6,8.872280242758923e-05,7.034743314372424e-05
otonieldeleon02,0,1,0,2,8.872280242758923e-05,0.0
otto65815arana,0,3,0,4,8.872280242758923e-05,2.810938820880443e-06
alexg7646,0,5,0,7,8.872280242758923e-05,3.919199254269678e-06
ottocruz255856,0,3,0,4,8.872280242758923e-05,0.0
ottogarciarive1,0,4,0,5,8.872280242758923e-05,1.5291903059599907e-06
ottohramirez1,0,3,0,4,8.872280242758923e-05,1.4916858103933969e-06
oscarberganzac,0,2,0,3,8.872280242758923e-05,1.469697745694649e-06
oscarasensio9,0,11,0,12,8.872280242758923e-05,3.184505361925652e-05
oscaracartagena,0,5,0,6,8.872280242758923e-05,8.361660812080582e-06
orlandomagic81,0,1,0,4,8.872280242758923e-05,0.0
oncebk,0,2,0,3,8.872280242758923e-05,1.2215606664249275e-05
oneblakred,0,3,0,4,8.872280242758923e-05,0.0
onfiregt121,0,1,0,2,8.872280242758923e-05,0.0
onfirevalhalla,0,1,0,2,8.872280242758923e-05,0.0
opinionhonesta2,0,3,0,4,8.872280242758923e-05,3.6016271520832724e-07
opinionjmc,0,2,0,3,8.872280242758923e-05,0.0
oracintfaith,0,6,0,14,8.872280242758923e-05,8.45620876670168e-05
oraliabarrios7,0,4,0,5,8.872280242758923e-05,8.065171761690978e-07
orctrabanino,0,5,0,6,8.872280242758923e-05,8.361660812080582e-06
orion_rene,0,4,0,5,8.872280242758923e-05,8.065171761690978e-07
orlandopamal,0,1,0,2,8.872280242758923e-05,0.0
oscar___flores,0,2,0,3,8.872280242758923e-05,0.0
orottmann59372,0,3,0,4,8.872280242758923e-05,0.0
orozco15emilio,0,2,0,3,8.872280242758923e-05,5.848389720510427e-06
orozco_hug20681,0,1,0,2,8.872280242758923e-05,0.0
ortizthelm90248,0,2,0,3,8.872280242758923e-05,0.0
osantizo,0,1,0,2,8.872280242758923e-05,0.0
osantizo58,0,2,0,3,8.872280242758923e-05,0.0
osbelibravo,0,6,0,9,8.872280242758923e-05,2.0078717979628408e-05
oscar1arevalo1,0,3,0,4,8.872280242758923e-05,5.753901293178286e-08
oscar2775763497,0,5,0,10,8.872280242758923e-05,4.4653477148157595e-05
oscar46083885,0,4,0,9,8.872280242758923e-05,3.069251176450879e-05
noryb3722,0,3,0,6,8.872280242758923e-05,0.0
mgaitano100,0,2,0,3,8.872280242758923e-05,0.0
miguel479279560,0,16,0,29,8.872280242758923e-05,4.1811704240508774e-05
luisher44478811,0,6,0,7,8.872280242758923e-05,1.3024354633590822e-05
luisjuarez23,0,1,0,2,8.872280242758923e-05,0.0
luislarachito,0,15,0,22,8.872280242758923e-05,3.8353711413257544e-05
luisma_2023,0,2,0,3,8.872280242758923e-05,8.939838091488798e-07
luismarcaguate,0,4,0,7,8.872280242758923e-05,7.079268916000978e-06
luismay19871207,0,8,0,16,8.872280242758923e-05,4.312713124320361e-06
luismolina61936,0,2,0,3,8.872280242758923e-05,0.0
luismor_12,0,1,0,2,8.872280242758923e-05,0.0
luismoralesgt,0,2,0,6,8.872280242758923e-05,2.1746869403102917e-05
luismuo49036684,0,7,0,8,8.872280242758923e-05,1.3024354633590822e-05
arguetawerner,0,3,0,4,8.872280242758923e-05,1.4762113995765784e-05
luisosoy,0,3,0,4,8.872280242758923e-05,0.0
luispabas,0,3,0,4,8.872280242758923e-05,0.0021872961043945516
arehann,0,2,0,3,8.872280242758923e-05,0.0
luispedroortizb,0,2,0,3,8.872280242758923e-05,0.0
luisroberto110,0,4,0,14,8.872280242758923e-05,5.103832671478949e-05
luisruizdg,0,5,0,10,8.872280242758923e-05,3.535124664789119e-07
luisto50,0,2,0,3,8.872280242758923e-05,0.0
luistorreforeve,0,2,0,3,8.872280242758923e-05,0.0
luiszakpa,0,1,0,2,8.872280242758923e-05,0.0
luka4life,0,8,0,9,8.872280242758923e-05,1.0589048977045511e-05
lukassgtm,0,16,0,37,8.872280242758923e-05,0.00022222214730064458
lukaszalez,0,1,0,2,8.872280242758923e-05,0.0
lulicar4,0,12,0,18,8.872280242758923e-05,1.2400939915410981e-05
luisjordany,0,3,0,6,8.872280242758923e-05,2.309345155220464e-05
luisguti02,0,1,0,2,8.872280242758923e-05,0.0
miguel24445003,0,3,0,4,8.872280242758923e-05,2.3767876256292935e-06
luisgirongt,0,1,0,4,8.872280242758923e-05,0.0
aristos1970,0,4,0,5,8.872280242758923e-05,9.082210424184647e-06
luisaldana19065,0,3,0,4,8.872280242758923e-05,6.931726127155703e-05
luisargueta2551,0,3,0,4,8.872280242758923e-05,0.0
luisca_o,0,6,0,16,8.872280242758923e-05,1.1256434805628507e-06
luiscast8512,0,3,0,6,8.872280242758923e-05,3.1915486166085215e-05
luiscor71885428,0,1,0,2,8.872280242758923e-05,0.0
arielsamayoa,0,4,0,5,8.872280242758923e-05,2.1617092014919133e-06
luisenr36669555,0,2,0,3,8.872280242758923e-05,0.0
luisenrique_lg,0,4,0,5,8.872280242758923e-05,0.0
luisest77715841,0,1,0,2,8.872280242758923e-05,0.0
luisestuardom,0,1,0,2,8.872280242758923e-05,0.0
luisfer421,0,3,0,3,8.872280242758923e-05,0.000203488590728144
ariefialko,0,22,0,56,8.872280242758923e-05,0.00024884165587587165
luisfer69519697,0,1,0,2,8.872280242758923e-05,0.0
luisferactivo,0,6,0,7,8.872280242758923e-05,3.147215534784173e-05
luisfergilmejia,0,3,0,4,8.872280242758923e-05,0.0
luisfergo04,0,9,0,22,8.872280242758923e-05,1.934519665291558e-05
luisferhr,0,1,0,2,8.872280242758923e-05,0.0
luisfguzmn2,0,5,0,5,8.872280242758923e-05,5.319910385950585e-06
luisfzci,0,5,0,13,8.872280242758923e-05,0.00019898101522189187
ariasr59465,0,4,0,10,8.872280242758923e-05,5.007425070347713e-07
luisgarciaestr5,0,2,0,9,8.872280242758923e-05,0.0
luisgerman9,0,2,0,3,8.872280242758923e-05,0.0
lulubert,0,3,0,4,8.872280242758923e-05,1.9883859558354966e-06
lumaga16,0,10,0,19,8.872280242758923e-05,4.503885109765392e-05
luna101luna,0,1,0,2,8.872280242758923e-05,0.0
lunacrescentegt,0,4,0,9,8.872280242758923e-05,1.8286975055832862e-05
macol12345,0,3,0,8,8.872280242758923e-05,1.4367332288883246e-05
macotobar1,0,5,0,6,8.872280242758923e-05,4.952346411338271e-06
madferrarif1,0,1,0,2,8.872280242758923e-05,0.0
madimvds,0,3,0,4,8.872280242758923e-05,0.0
madololis,0,1,0,2,8.872280242758923e-05,0.0
madpilot44,0,2,0,3,8.872280242758923e-05,0.0
antulioeliaseg,0,3,0,4,8.872280242758923e-05,0.00013490058653531833
maflores8404,0,4,0,7,8.872280242758923e-05,0.000412510314759924
antoniowohlers,0,8,0,13,8.872280242758923e-05,0.000245804471269782
antoniocacoj,0,1,0,2,8.872280242758923e-05,0.0
maggyllm1,0,2,0,3,8.872280242758923e-05,4.53437873364469e-06
maghenta9,0,3,0,4,8.872280242758923e-05,3.201901602247164e-05
makima__j,0,1,0,1,8.872280242758923e-05,0.0
malasamistades2,0,1,0,2,8.872280242758923e-05,0.0
maldnadoteresau,0,4,0,5,8.872280242758923e-05,3.528212806917085e-06
antonioagu17,0,2,0,3,8.872280242758923e-05,0.0
maliliade,0,3,0,4,8.872280242758923e-05,0.00020369253425528522
antonio79424761,0,1,0,2,8.872280242758923e-05,0.0
malirislis75,0,5,0,7,8.872280242758923e-05,5.913146737080183e-05
antonio36114,0,6,0,7,8.872280242758923e-05,1.3024354633590822e-05
maltiox1984,0,5,0,6,8.872280242758923e-05,7.327720674368852e-05
malumbresfran,0,3,0,7,8.872280242758923e-05,0.0
malusinfiltro,0,1,0,2,8.872280242758923e-05,0.0
macoest1,0,3,0,4,8.872280242758923e-05,0.0
maco_zelada,0,2,0,3,8.872280242758923e-05,0.0
anylo656671,0,2,0,3,8.872280242758923e-05,0.0
m99778r,0,1,0,2,8.872280242758923e-05,0.0
lurisi79,0,9,0,12,8.872280242758923e-05,7.050963402252187e-06
luroriba,0,2,0,3,8.872280242758923e-05,4.085766354354539e-05
luta4621,0,2,0,5,8.872280242758923e-05,7.251598908634151e-07
luuusoledad__y,0,2,0,3,8.872280242758923e-05,0.0
luzroh879,0,4,0,5,8.872280242758923e-05,1.643619854436553e-05
lvillatorod,0,4,0,6,8.872280242758923e-05,5.007425070347713e-07
m24095273,0,2,0,3,8.872280242758923e-05,0.0
m3m3b3to,0,2,0,3,8.872280242758923e-05,3.229840896450136e-06
arbencista,0,2,0,3,8.872280242758923e-05,0.0
m4nd4rin3ns4ft,0,2,0,3,8.872280242758923e-05,0.0
m_artis,0,2,0,3,8.872280242758923e-05,6.9955456385057125e-06
mackphillips_02,0,1,0,2,8.872280242758923e-05,0.0
m_latorre,0,1,0,2,8.872280242758923e-05,0.0
m_rob_13,0,2,0,7,8.872280242758923e-05,3.1167847429122874e-06
maabe_,0,3,0,4,8.872280242758923e-05,1.9883859558354966e-06
mabcastillo,0,8,0,26,8.872280242758923e-05,9.154518642523543e-05
mabesiekavizza,0,1,0,2,8.872280242758923e-05,0.0
macale311,0,1,0,2,8.872280242758923e-05,0.0
machavarria2016,0,2,0,3,8.872280242758923e-05,0.0
machila007,0,3,0,4,8.872280242758923e-05,0.0001919017463058914
arammorales,0,9,0,12,8.872280242758923e-05,1.1445522380191813e-05
ar76974876diego,0,2,0,3,8.872280242758923e-05,0.0
arkangelus021,0,4,0,5,8.872280242758923e-05,5.007425070347713e-07
arkmazariegos,0,2,0,3,8.872280242758923e-05,1.6202168127074198e-05
luis_o_rodri,0,3,0,4,8.872280242758923e-05,0.0
artmobilegt,0,17,0,23,8.872280242758923e-05,0.002116815935085907
lilianmerlo,0,7,0,11,8.872280242758923e-05,0.00016181862552395155
ashparfavor,0,1,0,4,8.872280242758923e-05,0.0
lilyycoz90sny,0,2,0,3,8.872280242758923e-05,0.0
lima30044j,0,3,0,8,8.872280242758923e-05,1.6894588174142108e-06
ashidalgo,0,11,0,12,8.872280242758923e-05,8.997514131320353e-05
asael_hernandz,0,4,0,5,8.872280242758923e-05,3.6454167525238264e-06
linares67,0,1,0,2,8.872280242758923e-05,0.0
lindo_pinky,0,7,0,14,8.872280242758923e-05,5.302154198318379e-05
linopagli,0,5,0,8,8.872280242758923e-05,8.870343293521201e-07
liocas1,0,7,0,10,8.872280242758923e-05,5.735055536093866e-06
lionelg76720488,0,6,0,9,8.872280242758923e-05,3.986742952041174e-06
lioneloliv_85,0,2,0,3,8.872280242758923e-05,0.0
lipelepe,0,1,0,2,8.872280242758923e-05,0.0
liqados,0,3,0,4,8.872280242758923e-05,0.0
lis7825,0,8,0,14,8.872280242758923e-05,0.00011642756204261727
lis_sare,0,2,0,6,8.872280242758923e-05,0.0
lisethrecinos5,0,3,0,4,8.872280242758923e-05,0.000582454994039358
listoerick,0,5,0,10,8.872280242758923e-05,1.6561089007438843e-05
lizygalindo,0,2,0,3,8.872280242758923e-05,5.037779637845992e-06
ljefe_19,0,2,0,5,8.872280242758923e-05,0.0
llmagana,0,2,0,3,8.872280242758923e-05,0.0
llviz_40,0,16,0,23,8.872280242758923e-05,9.260692506293859e-05
lmlemush,0,7,0,19,8.872280242758923e-05,2.331397260455802e-05
lilianaarchila1,0,4,0,5,8.872280242758923e-05,4.504203858328911e-06
lilian30521,0,2,0,3,8.872280242758923e-05,0.0
astaroth_wh,0,1,0,2,8.872280242758923e-05,0.0
liccris86,0,4,0,5,8.872280242758923e-05,4.504203858328911e-06
lex_shinigami,0,1,0,2,8.872280242758923e-05,0.0
leyendoaca,0,5,0,10,8.872280242758923e-05,3.8944725949301187e-07
lez_dark,0,2,0,3,8.872280242758923e-05,0.0
lfarivas,0,2,0,3,8.872280242758923e-05,0.0
lgalindo1279,0,2,0,3,8.872280242758923e-05,0.0
li_chickadee,0,4,0,5,8.872280242758923e-05,8.168296077455525e-05
liberemosgt,0,2,0,3,8.872280242758923e-05,0.0
libertario_1995,0,4,0,5,8.872280242758923e-05,0.0001919017463058914
atelier_refrain,0,4,0,5,8.872280242758923e-05,2.6346136272902453e-06
lic_khriss,0,3,0,6,8.872280242758923e-05,3.189870621303142e-06
licjosealvarado,0,2,0,3,8.872280242758923e-05,2.27051029719818e-05
lilialba76,0,2,0,3,8.872280242758923e-05,4.1456557565536754e-05
licmanuelemili2,0,3,0,4,8.872280242758923e-05,3.3521428121918985e-07
licmariorubio,0,16,0,20,8.872280242758923e-05,0.0009671722589302543
lico_joachin,0,5,0,8,8.872280242758923e-05,8.925662618878669e-09
licojoachin,0,14,0,21,8.872280242758923e-05,0.00035421659586833956
atejedaw9,0,1,0,1,8.872280242758923e-05,0.0
astriyoky,0,3,0,4,8.872280242758923e-05,0.0
lifelovergt,0,4,0,6,8.872280242758923e-05,1.6648650305197264e-07
astrixmp,0,5,0,13,8.872280242758923e-05,1.4678384135782817e-05
ligia_mancilla,0,3,0,6,8.872280242758923e-05,8.957689416726556e-07
ligiasalazar15,0,4,0,5,8.872280242758923e-05,4.504203858328911e-06
lobo875r,0,13,0,23,8.872280242758923e-05,0.0005500445165273721
artbyfan,0,3,0,4,8.872280242758923e-05,6.91838703024058e-05
luis50024457,0,1,0,2,8.872280242758923e-05,0.0
lobolinux01,0,4,0,5,8.872280242758923e-05,4.504203858328911e-06
lourdesdecasti2,0,6,0,21,8.872280242758923e-05,4.363489643834978e-06
lrlopez2020,0,2,0,3,8.872280242758923e-05,0.0
lsanchez_gtv,0,3,0,3,8.872280242758923e-05,7.364427499386333e-07
ltaracena44,0,2,0,3,8.872280242758923e-05,1.566959431910413e-05
lucho130391,0,2,0,5,8.872280242758923e-05,0.0
luchofcb80,0,3,0,4,8.872280242758923e-05,0.0001919017463058914
armandoliosgt,0,5,0,10,8.872280242758923e-05,0.0005667633941351569
luchoriverav,0,2,0,3,8.872280242758923e-05,0.0
luciatzikin,0,5,0,9,8.872280242758923e-05,7.198161377027985e-05
luciodel53820,0,5,0,21,8.872280242758923e-05,1.5291903059599907e-06
armandoapalmam,0,1,0,4,8.872280242758923e-05,0.0
luciourquidez,0,5,0,14,8.872280242758923e-05,0.00012589970686660443
lucky6395548325,0,2,0,3,8.872280242758923e-05,0.0
lucky68vidal,0,5,0,14,8.872280242758923e-05,0.00010314840163001318
lucky_rruano,0,5,0,15,8.872280242758923e-05,2.061222473557211e-05
luckylara01,0,1,0,2,8.872280242758923e-05,0.0
lucreciave97613,0,3,0,4,8.872280242758923e-05,1.4836138353878699e-05
armando_siquic,0,2,0,3,8.872280242758923e-05,0.0
luigigt502,0,3,0,4,8.872280242758923e-05,3.6016271520832724e-07
armando99321411,0,12,0,26,8.872280242758923e-05,0.0008380438194531693
luipicr,0,1,0,2,8.872280242758923e-05,0.0
luis21118,0,5,0,12,8.872280242758923e-05,1.072541496978527e-06
luis26945054,0,13,0,24,8.872280242758923e-05,2.414190158815096e-05
armandoyaeggy,0,1,0,2,8.872280242758923e-05,0.0
lourdes1385,0,4,0,5,8.872280242758923e-05,0.00019365086294657974
los20ytantos,0,4,0,7,8.872280242758923e-05,6.903740692832984e-05
arrabeibarra,0,2,0,3,8.872280242758923e-05,9.490009366285794e-05
locosagrado,0,7,0,8,8.872280242758923e-05,2.1726595707277373e-06
locoxelalbo,0,1,0,2,8.872280242758923e-05,0.0
lodigo502,0,3,0,4,8.872280242758923e-05,1.4289548803344256e-06
londygarciac,0,2,0,3,8.872280242758923e-05,5.717441035852117e-06
lopez_alma,0,2,0,5,8.872280242758923e-05,2.2179110500631803e-05
artbardok,0,2,0,5,8.872280242758923e-05,0.0
lopezalfonzo721,0,2,0,11,8.872280242758923e-05,0.0001919017463058914
arriola_cl95191,0,5,0,7,8.872280242758923e-05,1.07039641398457e-06
arriazajud94233,0,3,0,4,8.872280242758923e-05,3.6016271520832724e-07
lopezmadrrox,0,18,0,34,8.872280242758923e-05,0.0009599641002507283
aroldog3,0,1,0,1,8.872280242758923e-05,0.0
lorocomoco,0,7,0,8,8.872280242758923e-05,5.927884227290669e-05
arnulfodivas2,0,14,0,18,8.872280242758923e-05,0.0005647679580649288
arnoldovasquez1,0,1,0,2,8.872280242758923e-05,0.0
lopezyvan5,0,3,0,4,8.872280242758923e-05,0.0001919017463058914
arnoldoarriaza,0,2,0,3,8.872280242758923e-05,7.06813395240915e-06
loquique,0,5,0,7,8.872280242758923e-05,0.0003104371120904727
arnoldo1621017,0,7,0,19,8.872280242758923e-05,4.315893630019615e-06
lordmarduk2,0,6,0,17,8.872280242758923e-05,1.440797587378586e-05
loremrda,0,1,0,2,8.872280242758923e-05,0.0
lorenatorresgt,0,1,0,2,8.872280242758923e-05,0.0
lorenavela35486,0,1,0,2,8.872280242758923e-05,0.0
malvarado6,0,2,0,7,8.872280242758923e-05,1.469697745694649e-06
malvarez134,0,2,0,3,8.872280242758923e-05,8.526767680577804e-06
mamezquitam,0,3,0,4,8.872280242758923e-05,0.0001919017463058914
mayeli25084285,0,6,0,7,8.872280242758923e-05,3.986742952041174e-06
masalla_3,0,7,0,8,8.872280242758923e-05,0.00134165900945113
anamariacaceitz,0,2,0,3,8.872280242758923e-05,0.0
analuisamirand8,0,3,0,4,8.872280242758923e-05,3.66892490885759e-06
mash9107,0,1,0,2,8.872280242758923e-05,0.0
masmeisamas,0,1,0,2,8.872280242758923e-05,0.0
master_quejas,0,1,0,2,8.872280242758923e-05,0.0
masterblich,0,1,0,2,8.872280242758923e-05,0.0
matias79715506,0,4,0,9,8.872280242758923e-05,5.007425070347713e-07
matias_jc,0,4,0,5,8.872280242758923e-05,4.504203858328911e-06
matiasvega69,0,9,0,12,8.872280242758923e-05,1.012332180438646e-05
matiasysimon,0,15,0,20,8.872280242758923e-05,0.00027732379327210447
mattalizandro,0,1,0,2,8.872280242758923e-05,0.0
matuteshute,0,4,0,5,8.872280242758923e-05,2.3767876256292935e-06
mauniesgt,0,2,0,3,8.872280242758923e-05,0.0
maurelius47233,0,1,0,2,8.872280242758923e-05,0.0
mauricio__reyes,0,1,0,2,8.872280242758923e-05,0.0
mauricio_matay,0,1,0,2,8.872280242758923e-05,0.0
mauriciogua,0,1,0,2,8.872280242758923e-05,0.0
mauricioruanom1,0,1,0,2,8.872280242758923e-05,0.0
maurinewyork,0,7,0,12,8.872280242758923e-05,6.2943222516851814e-06
mauroxilojgt,0,1,0,2,8.872280242758923e-05,0.0
max16192,0,2,0,3,8.872280242758923e-05,0.0
analucia_garcia,0,3,0,4,8.872280242758923e-05,3.0420331408312807e-05
mas_raul,0,2,0,3,8.872280242758923e-05,0.0
marycar50428032,0,1,0,2,8.872280242758923e-05,0.0
mary15783911,0,2,0,3,8.872280242758923e-05,2.179045030371034e-05
andgallardo_,0,2,0,5,8.872280242758923e-05,0.0001919017463058914
martaaquino_29,0,4,0,5,8.872280242758923e-05,5.007425070347713e-07
martajo79835654,0,1,0,2,8.872280242758923e-05,0.0
martamevalen,0,1,0,2,8.872280242758923e-05,0.0
martayaque,0,10,0,20,8.872280242758923e-05,0.0003851763585937406
andresga131,0,2,0,3,8.872280242758923e-05,0.0
andrera_p,0,7,0,8,8.872280242758923e-05,1.3024354633590822e-05
martifus,0,26,0,43,8.872280242758923e-05,0.00034779950245171775
martin_sontay,0,3,0,4,8.872280242758923e-05,0.0
martinmoli59062,0,26,0,31,8.872280242758923e-05,0.001369406154617034
andree_blue,0,1,0,1,8.872280242758923e-05,0.0
anameri71677244,0,15,0,38,8.872280242758923e-05,0.00014997555849533695
marxchelitavina,0,3,0,4,8.872280242758923e-05,3.6016271520832724e-07
marvin50146584,0,9,0,11,8.872280242758923e-05,0.0002644904635626803
marvinbarrios22,0,1,0,4,8.872280242758923e-05,0.0
marvinbmerida1,0,1,0,2,8.872280242758923e-05,0.0
marvinecgarcia,0,2,0,7,8.872280242758923e-05,0.0
marvinic,0,6,0,7,8.872280242758923e-05,1.3024354633590822e-05
marvinperez502,0,1,0,2,8.872280242758923e-05,0.0
marvinr92783742,0,6,0,7,8.872280242758923e-05,6.302998341779957e-06
marvinrecinos66,0,4,0,9,8.872280242758923e-05,8.900962802625276e-06
marvinrlc,0,1,0,2,8.872280242758923e-05,0.0
marvus_morales,0,3,0,4,8.872280242758923e-05,1.4140565020572003e-05
maya25cardenas,0,1,0,2,8.872280242758923e-05,0.0
mayneythor10,0,4,0,7,8.872280242758923e-05,1.3707267593277956e-08
marroking28_,0,2,0,3,8.872280242758923e-05,0.0
mayorgajoselit,0,8,0,17,8.872280242758923e-05,3.706959457574918e-05
menendezamc1,0,2,0,5,8.872280242758923e-05,0.0
menjivar2007,0,3,0,4,8.872280242758923e-05,0.0
mercedesba33833,0,2,0,3,8.872280242758923e-05,0.0
mero_mero_jey,0,4,0,7,8.872280242758923e-05,0.0
mesas752066,0,10,0,18,8.872280242758923e-05,0.0001990768010871528
mess_hermes,0,7,0,14,8.872280242758923e-05,0.00011028394783668878
mfgc1266,0,5,0,7,8.872280242758923e-05,0.0005871523235099924
mfss3890,0,4,0,5,8.872280242758923e-05,8.065171761690978e-07
anali480,0,6,0,9,8.872280242758923e-05,0.00012058842152259107
piedelana502gt,0,1,0,2,8.872280242758923e-05,0.0
mgonzalez55698,0,3,0,4,8.872280242758923e-05,3.6016271520832724e-07
mh_isthinking,0,5,0,6,8.872280242758923e-05,4.060167107731073e-05
mhernandez4788,0,2,0,3,8.872280242758923e-05,0.0
mhtrinet,0,1,0,2,8.872280242758923e-05,0.0
michelleca28495,0,13,0,22,8.872280242758923e-05,0.0001545787869086708
michifiu23,0,9,0,15,8.872280242758923e-05,6.607803304028756e-06
anahigmar,0,2,0,3,8.872280242758923e-05,0.0
midnitegt,0,6,0,7,8.872280242758923e-05,1.3024354633590822e-05
mig_delavega,0,1,0,2,8.872280242758923e-05,0.0
miglemus,0,3,0,6,8.872280242758923e-05,4.201008714515905e-06
migm10r,0,7,0,8,8.872280242758923e-05,4.2563415536664294e-05
migram59,0,2,0,3,8.872280242758923e-05,0.0
miguel175489943,0,4,0,5,8.872280242758923e-05,0.0
mendezrobinson,0,4,0,5,8.872280242758923e-05,4.504203858328911e-06
mendezlucy56049,0,1,0,2,8.872280242758923e-05,0.0
mendezfig,0,19,0,31,8.872280242758923e-05,0.0002902134221444759
mejianivea,0,6,0,7,8.872280242758923e-05,3.986742952041174e-06
mayroxis,0,3,0,4,8.872280242758923e-05,6.211113264732927e-05
maytemala,0,2,0,3,8.872280242758923e-05,6.279707172059677e-06
maza110vac,0,13,0,29,8.872280242758923e-05,0.0008804499043845371
mazingerz_gt,0,5,0,11,8.872280242758923e-05,7.328469584199809e-06
mbsg1975,0,2,0,3,8.872280242758923e-05,0.0
mcampie,0,4,0,7,8.872280242758923e-05,0.00010089204569783044
mdjssalgue,0,3,0,4,8.872280242758923e-05,2.2453950520928598e-06
mdlobos,0,2,0,3,8.872280242758923e-05,7.3258130116750904e-06
mecg456,0,2,0,3,8.872280242758923e-05,0.0
meda_silvi32928,0,8,0,13,8.872280242758923e-05,1.6143168269542446e-05
melani_luna,0,2,0,5,8.872280242758923e-05,1.8755544907261344e-05
mendezdelahoz,0,3,0,6,8.872280242758923e-05,1.5154728312712224e-06
melbvinmendez22,0,3,0,4,8.872280242758923e-05,0.00020192824994554566
analucamolinar1,0,1,0,2,8.872280242758923e-05,0.0
melmoce,0,8,0,21,8.872280242758923e-05,0.0001324748312624165
melsitar,0,2,0,3,8.872280242758923e-05,5.5375323236482005e-05
analucaestrada2,0,2,0,3,8.872280242758923e-05,0.0
analisis500,0,1,0,2,8.872280242758923e-05,0.0
memeescobar70,0,2,0,3,8.872280242758923e-05,0.0
meminchicas,0,3,0,4,8.872280242758923e-05,5.34695183982463e-05
memito9075,0,1,0,2,8.872280242758923e-05,0.0
mendante,0,2,0,3,8.872280242758923e-05,9.900522781972055e-06
marroquin_85702,0,2,0,3,8.872280242758923e-05,0.0
andreslope87296,0,2,0,3,8.872280242758923e-05,1.344525635501373e-05
antonio24772573,0,13,0,14,8.872280242758923e-05,9.910301132742174e-05
marianagod57937,0,4,0,10,8.872280242758923e-05,1.6459861595152326e-07
marchila74,0,3,0,4,8.872280242758923e-05,2.810938820880443e-06
marco06ruiz,0,3,0,6,8.872280242758923e-05,2.113938302695517e-06
anissette,0,12,0,14,8.872280242758923e-05,0.0008049773119024353
marco_2674cano,0,3,0,4,8.872280242758923e-05,5.205696901443323e-07
marcoau53512627,0,7,0,12,8.872280242758923e-05,3.846277143538022e-05
marcogx28,0,1,0,2,8.872280242758923e-05,0.0
marcope93440047,0,3,0,4,8.872280242758923e-05,0.0
anirietter71,0,14,0,15,8.872280242758923e-05,0.003333756425464145
animaldgalaccia,0,9,0,13,8.872280242758923e-05,5.0506621438952476e-05
marcos42209,0,2,0,6,8.872280242758923e-05,0.0
marcosl30828714,0,2,0,6,8.872280242758923e-05,0.0
marcovfonseca,0,1,0,1,8.872280242758923e-05,0.0
mareciga50,0,2,0,3,8.872280242758923e-05,9.981078433183915e-06
margeovalle,0,2,0,3,8.872280242758923e-05,0.0
maria13920346,0,2,0,3,8.872280242758923e-05,0.0
mariaa38902,0,2,0,3,8.872280242758923e-05,0.0
mariabonita9697,0,24,0,36,8.872280242758923e-05,0.0008626059998359478
anika_cohler,0,1,0,2,8.872280242758923e-05,0.0
anibal007,0,2,0,3,8.872280242758923e-05,0.0
angydelacruz123,0,4,0,5,8.872280242758923e-05,5.007425070347713e-07
angemaro12,0,6,0,7,8.872280242758923e-05,4.851315372993768e-06
mariaesterlfc,0,3,0,8,8.872280242758923e-05,0.0
mariaisabelg65,0,8,0,22,8.872280242758923e-05,0.000305633665934176
marcelo_caste,0,4,0,4,8.872280242758923e-05,3.4202620777526696e-05
anita_bol,0,7,0,18,8.872280242758923e-05,2.1407820399057486e-05
marc0rtiz,0,13,0,25,8.872280242758923e-05,7.755630841646946e-05
manu02220,0,7,0,10,8.872280242758923e-05,2.7363692681299176e-05
antipoliticogt,0,6,0,9,8.872280242758923e-05,1.334999545954114e-05
anticorruptogta,0,2,0,3,8.872280242758923e-05,2.4625124099280374e-06
manima59,0,5,0,7,8.872280242758923e-05,1.6713399067080797e-05
maninvisible19,0,5,0,8,8.872280242758923e-05,1.567303661365709e-05
mannu777,0,2,0,3,8.872280242758923e-05,0.0
antichairochapi,0,1,0,2,8.872280242758923e-05,0.0
mannyrosales27,0,3,0,4,8.872280242758923e-05,3.2634748797143027e-07
manoloalexsand1,0,1,0,2,8.872280242758923e-05,0.0
manoloh80928529,0,2,0,3,8.872280242758923e-05,0.0
manpellecer,0,1,0,2,8.872280242758923e-05,0.0
manuc8a,0,4,0,5,8.872280242758923e-05,2.6346136272902453e-06
anitadelasnubes,0,1,0,2,8.872280242758923e-05,0.0
manuel6222661,0,1,0,2,8.872280242758923e-05,0.0
manueldiva56278,0,1,0,2,8.872280242758923e-05,0.0
manuelgamar34,0,12,0,14,8.872280242758923e-05,9.369156778310057e-05
manuelp27147297,0,10,0,19,8.872280242758923e-05,0.0003543978070701249
annymendez77,0,3,0,6,8.872280242758923e-05,1.5154728312712224e-06
manuhgth,0,5,0,8,8.872280242758923e-05,5.559895736130525e-07
manupelman,0,1,0,4,8.872280242758923e-05,0.0
manushgt,0,1,0,2,8.872280242758923e-05,0.0
maradoniosan,0,5,0,8,8.872280242758923e-05,5.492113118344446e-07
marbienesinmue1,0,2,0,3,8.872280242758923e-05,3.065495991023807e-05
angeln8,0,21,0,194,8.872280242758923e-05,0.00092002477369779
angeldelatrompe,0,5,0,8,8.872280242758923e-05,1.9570734680056363e-06
marobo66,0,1,0,2,8.872280242758923e-05,0.0
mariaohh6,0,5,0,6,8.872280242758923e-05,4.504203858328911e-06
mariofescobarc,0,2,0,4,8.872280242758923e-05,0.0
mariogarcia76,0,5,0,6,8.872280242758923e-05,0.00030411458213132353
marioitzep16448,0,8,0,9,8.872280242758923e-05,8.954362596578549e-06
mariollerena_2,0,3,0,4,8.872280242758923e-05,3.6016271520832724e-07
mariomu78453851,0,1,0,2,8.872280242758923e-05,0.0
andrsva96658459,0,2,0,3,8.872280242758923e-05,0.0
mariorenealdana,0,1,0,2,8.872280242758923e-05,0.0
mariosa70340783,0,7,0,10,8.872280242758923e-05,2.728629129193694e-06
marisaguatemala,0,1,0,2,8.872280242758923e-05,0.0
maritomarsch,0,5,0,10,8.872280242758923e-05,6.305461574438207e-06
markcoma80,0,14,0,17,8.872280242758923e-05,0.0001273937263485363
markisio12,0,4,0,5,8.872280242758923e-05,5.007425070347713e-07
markosantos,0,1,0,2,8.872280242758923e-05,0.0
markozlopez43,0,1,0,2,8.872280242758923e-05,0.0
marlenalcas,0,3,0,4,8.872280242758923e-05,0.0003742750635572042
andrsca24870163,0,2,0,3,8.872280242758923e-05,0.0
marlissepo,0,6,0,7,8.872280242758923e-05,1.3024354633590822e-05
marloa14,0,3,0,6,8.872280242758923e-05,1.8799000342703226e-05
marloa4,0,9,0,16,8.872280242758923e-05,0.00018884949379296165
marlonciito_13,0,11,0,12,8.872280242758923e-05,7.511948145414695e-05
marlondrums,0,3,0,8,8.872280242758923e-05,2.274518873505009e-05
marlonzank89095,0,3,0,4,8.872280242758923e-05,0.0
marmend71,0,4,0,5,8.872280242758923e-05,5.007425070347713e-07
andyihg,0,2,0,3,8.872280242758923e-05,0.0
andyluttin74903,0,1,0,2,8.872280242758923e-05,0.0
andynnnnnnnnn,0,1,0,2,8.872280242758923e-05,0.0
angel7910wao,0,11,0,17,8.872280242758923e-05,0.00021517353068146287
mariapr61010967,0,2,0,5,8.872280242758923e-05,0.0
mariaxdelcarme1,0,2,0,7,8.872280242758923e-05,9.812907685302587e-07
maridiaz1626753,0,3,0,4,8.872280242758923e-05,2.810938820880443e-06
marielanice23,0,5,0,8,8.872280242758923e-05,8.925662618878669e-09
marielizlucero,0,11,0,26,8.872280242758923e-05,0.00011013046449452621
marielosfu99091,0,2,0,3,8.872280242758923e-05,0.0
angelal32496926,0,1,0,2,8.872280242758923e-05,0.0
mariianin_09,0,1,0,2,8.872280242758923e-05,0.0
marileosb,0,4,0,7,8.872280242758923e-05,4.889370144512112e-05
marilu171,0,2,0,3,8.872280242758923e-05,0.0
ang3scobar,0,2,0,3,8.872280242758923e-05,6.515971407508191e-06
mariobone,0,1,0,2,8.872280242758923e-05,0.0
mario1968lopez,0,1,0,2,8.872280242758923e-05,0.0
mario19744108,0,1,0,2,8.872280242758923e-05,0.0
mario29939056,0,1,0,2,8.872280242758923e-05,0.0
mario799101,0,1,0,2,8.872280242758923e-05,0.0
marioabrahamlo3,0,6,0,14,8.872280242758923e-05,1.6850103902643795e-06
marioal39238291,0,1,0,2,8.872280242758923e-05,0.0
marioanbal83553,0,2,0,3,8.872280242758923e-05,0.0
marioantillon2,0,4,0,5,8.872280242758923e-05,3.341513423651215e-05
anelisse_e,0,2,0,3,8.872280242758923e-05,0.0
mariobaudilio,0,2,0,3,8.872280242758923e-05,0.0
pichi_palma,0,1,0,1,8.872280242758923e-05,0.0
pobjetiva,0,2,0,3,8.872280242758923e-05,0.0
pilla_mar,0,3,0,6,8.872280242758923e-05,2.358004811717977e-07
theclub89a,0,5,0,8,8.872280242758923e-05,3.31570717973893e-06
theliva75,0,3,0,8,8.872280242758923e-05,1.5884195118828701e-06
theubermensch31,0,1,0,2,8.872280242758923e-05,0.0
thevigilantegt,0,12,0,22,8.872280242758923e-05,0.0006528195647006937
__dextergt,0,2,0,3,8.872280242758923e-05,0.0
thinker908,0,2,0,3,8.872280242758923e-05,0.0
thz0101,0,3,0,4,8.872280242758923e-05,0.0
tibanez1949,0,3,0,4,8.872280242758923e-05,2.9931261169501737e-06
tiburonktocha,0,2,0,3,8.872280242758923e-05,0.0
tigermotorrad,0,6,0,14,8.872280242758923e-05,3.5603213742616384e-05
tikalgarcia,0,1,0,2,8.872280242758923e-05,0.0
tinysz,0,2,0,3,8.872280242758923e-05,3.538329347136219e-05
tio_alo,0,3,0,4,8.872280242758923e-05,1.6648650305197264e-07
tisha_3572,0,6,0,10,8.872280242758923e-05,9.2758612672001e-05
titabalarina,0,1,0,3,8.872280242758923e-05,0.0
titanjustigt,0,6,0,14,8.872280242758923e-05,3.8663391254193634e-05
titoflores1973,0,6,0,11,8.872280242758923e-05,7.58222271872842e-06
titolobos1712,0,11,0,14,8.872280242758923e-05,2.243612704075217e-05
tmorroking15491,0,1,0,2,8.872280242758923e-05,0.0
tokagu53,0,2,0,3,8.872280242758923e-05,0.0
tomasstark5,0,2,0,3,8.872280242758923e-05,2.5144474693565455e-06
toni_choy,0,2,0,5,8.872280242758923e-05,0.0
tonofcalderon,0,2,0,5,8.872280242758923e-05,0.0
tonomorales3,0,6,0,8,8.872280242758923e-05,2.8089255599409373e-05
thegusboy05,0,2,0,3,8.872280242758923e-05,0.0
theboredguy_96,0,1,0,2,8.872280242758923e-05,0.0
aaalonso71,0,1,0,2,8.872280242758923e-05,0.0
the_one_g2,0,1,0,2,8.872280242758923e-05,0.0
__m1ng0__,0,11,0,13,8.872280242758923e-05,6.111729108016338e-05
tatowd,0,1,0,2,8.872280242758923e-05,0.0
tavoandshanna,0,4,0,5,8.872280242758923e-05,0.0002035559797924828
__keev_,0,4,0,5,8.872280242758923e-05,4.504203858328911e-06
tavoare,0,2,0,3,8.872280242758923e-05,0.0
tavogarcia54,0,2,0,3,8.872280242758923e-05,1.1712665228190656e-06
tavosilvestre,0,3,0,4,8.872280242758923e-05,1.0631583047954347e-05
tayalejandro12,0,1,0,2,8.872280242758923e-05,0.0
tayoaycinena,0,7,0,9,8.872280242758923e-05,8.878703914435234e-05
tcorzo36309,0,6,0,19,8.872280242758923e-05,1.0737880196961555e-06
teamocory3,0,5,0,6,8.872280242758923e-05,0.0
tecabre25,0,7,0,8,8.872280242758923e-05,7.212983118862371e-05
tecoasturias,0,2,0,5,8.872280242758923e-05,0.0001919017463058914
__jovidi__,0,4,0,5,8.872280242758923e-05,0.00013550522992230763
teconochairos,0,3,0,4,8.872280242758923e-05,2.810938820880443e-06
ted_srl,0,4,0,5,8.872280242758923e-05,4.504203858328911e-06
tekutliaxolotl,0,2,0,3,8.872280242758923e-05,0.0
tello_yvon99029,0,1,0,4,8.872280242758923e-05,0.0
tenivinicio,0,3,0,4,8.872280242758923e-05,3.2634748797143027e-07
terisaadams,0,4,0,5,8.872280242758923e-05,1.5291903059599907e-06
tevoyafunargt,0,8,0,12,8.872280242758923e-05,0.00018368741529024054
tgamboa1104,0,5,0,8,8.872280242758923e-05,5.983190942088683e-07
tgutier,0,1,0,2,8.872280242758923e-05,0.0
tonoperre,0,11,0,15,8.872280242758923e-05,0.00011627426314923972
tonybarrera,0,2,0,3,8.872280242758923e-05,1.2215606664249275e-05
tonyroteiro,0,3,0,4,8.872280242758923e-05,8.906548306977408e-05
torressaltarin,0,7,0,8,8.872280242758923e-05,0.0010480394038252393
tv_profe,0,6,0,12,8.872280242758923e-05,6.042325124855266e-06
twtnoticias11,0,4,0,5,8.872280242758923e-05,4.504203858328911e-06
tyktoks,0,10,0,11,8.872280242758923e-05,2.2457246885878186e-06
ugoomez,0,5,0,5,8.872280242758923e-05,5.090322451178572e-06
ulisesmarinez,0,1,0,2,8.872280242758923e-05,0.0
ulisessesil,0,6,0,6,8.872280242758923e-05,1.3255934940601835e-05
un_poncho_mas,0,2,0,5,8.872280242758923e-05,1.5857546023381888e-05
un_tal_puyol,0,2,0,3,8.872280242758923e-05,0.0
unchapincomun,0,11,0,32,8.872280242758923e-05,2.655906269482089e-05
unfulanotal_,0,1,0,2,8.872280242758923e-05,0.0
unico_chapin,0,2,0,3,8.872280242758923e-05,1.469697745694649e-06
unidospor502,0,6,0,9,8.872280242758923e-05,0.00010992067344837089
unitierrag,0,8,0,9,8.872280242758923e-05,8.954362596578549e-06
76_brandy,0,4,0,5,8.872280242758923e-05,2.110751258366282e-06
usuariojbl,0,2,0,3,8.872280242758923e-05,0.0
usuarioo0006,0,6,0,13,8.872280242758923e-05,4.257702262276235e-05
usuariounicoop,0,5,0,12,8.872280242758923e-05,0.00019857238180347024
75tonyruiz,0,4,0,5,8.872280242758923e-05,8.065171761690978e-07
uuujjjr,0,7,0,13,8.872280242758923e-05,2.1726595707277373e-06
v1rtuz,0,4,0,7,8.872280242758923e-05,0.0
vadersoytuvecin,0,4,0,5,8.872280242758923e-05,4.504203858328911e-06
vald22283,0,7,0,17,8.872280242758923e-05,1.541935890300025e-05
valdes_giron,0,1,0,2,8.872280242758923e-05,0.0
tupadre_42,0,1,0,2,8.872280242758923e-05,0.0
tumiko85,0,1,0,2,8.872280242758923e-05,0.0
tumerorey,0,4,0,10,8.872280242758923e-05,5.007425070347713e-07
83fdfc7bd4554fa,0,4,0,5,8.872280242758923e-05,9.082210424184647e-06
totitafuentes,0,2,0,3,8.872280242758923e-05,0.0
totoluc62,0,1,0,1,8.872280242758923e-05,0.0
toyita_m,0,7,0,10,8.872280242758923e-05,0.00020277893623341442
__anakingt,0,5,0,6,8.872280242758923e-05,2.6346136272902453e-06
_____das____,0,3,0,5,8.872280242758923e-05,0.0
999accendini,0,3,0,4,8.872280242758923e-05,3.2634748797143027e-07
9610366palomo,0,3,0,4,8.872280242758923e-05,8.183716537765135e-05
9102ramoto,0,4,0,5,8.872280242758923e-05,4.504203858328911e-06
88libre,0,4,0,5,8.872280242758923e-05,5.2610499723320585e-05
trajeado555,0,1,0,2,8.872280242758923e-05,0.0
transmision14,0,2,0,3,8.872280242758923e-05,0.0
7ab3e6a4505c45d,0,9,0,16,8.872280242758923e-05,0.002508514652514838
traposalsolgt,0,1,0,2,8.872280242758923e-05,0.0
trebor_gt,0,2,0,3,8.872280242758923e-05,4.188978665715887e-05
trollitogt,0,3,0,6,8.872280242758923e-05,0.0001326191925387014
troyaarde30,0,2,0,3,8.872280242758923e-05,3.7082545178203847e-06
tto4,0,2,0,3,8.872280242758923e-05,0.0
ttrezz777,0,10,0,11,8.872280242758923e-05,0.0024689865532178407
82pagan,0,1,0,2,8.872280242758923e-05,0.0
tu_coach_sergio,0,8,0,12,8.872280242758923e-05,0.0002281628735605751
tubucra,0,1,0,2,8.872280242758923e-05,0.0
tuiterodelujo,0,2,0,3,8.872280242758923e-05,0.0
__suzeth,0,3,0,4,8.872280242758923e-05,4.716263507614303e-06
_afcgunner,0,8,0,17,8.872280242758923e-05,2.0409277601737473e-06
tatiana79580643,0,18,0,24,8.872280242758923e-05,0.0009985953334168134
soyelsol_13,0,3,0,3,8.872280242758923e-05,7.019106416779667e-05
_r__x_,0,2,0,8,8.872280242758923e-05,0.0
skydragon99,0,10,0,13,8.872280242758923e-05,1.0808486249743626e-05
_mafaldologa,0,3,0,3,8.872280242758923e-05,2.5220723593813014e-05
smartco38784291,0,7,0,10,8.872280242758923e-05,5.43907070661155e-06
smarthuit,0,5,0,6,8.872280242758923e-05,1.9138221578686916e-05
smvanessa73,0,2,0,3,8.872280242758923e-05,0.0
snakecancelable,0,9,0,25,8.872280242758923e-05,9.713990144381848e-05
sofa_melgar,0,1,0,8,8.872280242758923e-05,0.0
sofiadevian25,0,2,0,5,8.872280242758923e-05,1.0025232448951526e-05
sofiagrajeda12,0,7,0,8,8.872280242758923e-05,6.37431069502649e-06
sofii_aguilar,0,3,0,4,8.872280242758923e-05,3.6016271520832724e-07
soibnan,0,10,0,22,8.872280242758923e-05,9.553200981006334e-05
solaresarriola,0,1,0,2,8.872280242758923e-05,0.0
solesito0216,0,2,0,3,8.872280242758923e-05,0.0
soljacky,0,2,0,3,8.872280242758923e-05,0.0
solodimea_,0,1,0,2,8.872280242758923e-05,0.0
solomamaleno,0,6,0,14,8.872280242758923e-05,3.89454060017363e-05
soloverdadsi,0,4,0,5,8.872280242758923e-05,4.504203858328911e-06
somson18853532,0,6,0,7,8.872280242758923e-05,1.3024354633590822e-05
sonicalm,0,1,0,1,8.872280242758923e-05,0.0
sontay_williamg,0,3,0,4,8.872280242758923e-05,8.266595367135882e-05
sor_monroy,0,9,0,10,8.872280242758923e-05,2.7616072820014177e-05
soy_shute,0,4,0,5,8.872280242758923e-05,2.2058375537250187e-05
_rmarroquin,0,2,0,3,8.872280242758923e-05,0.0
skiperk91,0,4,0,5,8.872280242758923e-05,0.0003838034926117828
sivmenor,0,20,0,33,8.872280242758923e-05,8.105860082541132e-05
silviar07327189,0,5,0,6,8.872280242758923e-05,1.1020022636437654e-05
a_saenz50,0,6,0,11,8.872280242758923e-05,3.6311186281826504e-05
a_g_1984,0,3,0,4,8.872280242758923e-05,2.325732743936017e-05
a91_targaryen,0,3,0,4,8.872280242758923e-05,0.00020263021881311707
silvia13fernand,0,5,0,12,8.872280242758923e-05,7.079355875049857e-06
silvia_b2023,0,1,0,1,8.872280242758923e-05,0.0
silvia_depiva,0,9,0,10,8.872280242758923e-05,0.00020943054032668943
a78021relojeria,0,8,0,11,8.872280242758923e-05,5.199171158152212e-06
silviafern64384,0,3,0,4,8.872280242758923e-05,0.0
silviajcalderon,0,3,0,5,8.872280242758923e-05,1.7094963601273101e-06
silviamhds,0,1,0,2,8.872280242758923e-05,0.0
simplyvidal1,0,1,0,2,8.872280242758923e-05,0.0
siulhache,0,3,0,4,8.872280242758923e-05,1.6648650305197264e-07
sinergiabikes,0,2,0,3,8.872280242758923e-05,0.0
single19cm10766,0,1,0,2,8.872280242758923e-05,0.0
siniacal_97,0,1,0,2,8.872280242758923e-05,0.0
sininfluencer,0,6,0,11,8.872280242758923e-05,0.00022215438312511037
a47c2011f4384df,0,1,0,2,8.872280242758923e-05,0.0
sintanta_mierda,0,3,0,4,8.872280242758923e-05,3.6016271520832724e-07
sir_wichito,0,3,0,4,8.872280242758923e-05,5.004102500966682e-06
sirpedrogt,0,8,0,19,8.872280242758923e-05,0.00025621892519354765
_utrillo77,0,4,0,8,8.872280242758923e-05,1.9442138605646683e-07
sirr_juan,0,8,0,9,8.872280242758923e-05,0.00024208880365547943
soydelfuego,0,4,0,4,8.872280242758923e-05,1.509354968441647e-06
soyflordemaria,0,9,0,10,8.872280242758923e-05,0.0012348418681474417
tataliban,0,4,0,5,8.872280242758923e-05,7.91203451475715e-07
_lisdal,0,3,0,4,8.872280242758923e-05,4.838059344465937e-06
sulecioa,0,4,0,5,8.872280242758923e-05,2.6346136272902453e-06
sunflowerbabe91,0,8,0,16,8.872280242758923e-05,0.00013733575104469007
superchapin7755,0,2,0,3,8.872280242758923e-05,0.0
superman1982gt,0,2,0,3,8.872280242758923e-05,0.0
superottoss,0,4,0,5,8.872280242758923e-05,3.959393507188676e-05
susylu17281115,0,1,0,2,8.872280242758923e-05,0.0
susyriv56659832,0,3,0,5,8.872280242758923e-05,5.0343984840360314e-05
sweetieplusme,0,8,0,9,8.872280242758923e-05,1.0589048977045511e-05
sxfirio,0,4,0,4,8.872280242758923e-05,1.124924319220721e-05
sylviacalvillo,0,2,0,3,8.872280242758923e-05,0.0
synejoe,0,7,0,16,8.872280242758923e-05,5.444752900827504e-05
sysao85,0,3,0,4,8.872280242758923e-05,3.2634748797143027e-07
tacuazin14,0,8,0,9,8.872280242758923e-05,0.0025715626415950335
_covidiano,0,6,0,13,8.872280242758923e-05,0.00020128999678874579
_brsr_,0,1,0,2,8.872280242758923e-05,0.0
taga07_,0,1,0,2,8.872280242758923e-05,0.0
takitoperezgt,0,2,0,3,8.872280242758923e-05,0.0
tanchita21,0,2,0,3,8.872280242758923e-05,8.35370284280195e-05
tangentegt,0,3,0,3,8.872280242758923e-05,0.0003838034926117828
_angelry,0,8,0,9,8.872280242758923e-05,8.954362596578549e-06
_anderrrson,0,8,0,9,8.872280242758923e-05,8.954362596578549e-06
tanyava76108281,0,3,0,4,8.872280242758923e-05,0.0
taracenamario,0,1,0,2,8.872280242758923e-05,0.0
suchite_eleazar,0,2,0,3,8.872280242758923e-05,0.0
stuardobarrios7,0,5,0,6,8.872280242758923e-05,4.504203858328911e-06
stuardlitles,0,2,0,3,8.872280242758923e-05,0.0
spaceship__5,0,4,0,9,8.872280242758923e-05,0.00028863443354452224
_krefeh,0,8,0,15,8.872280242758923e-05,1.138833125813298e-05
_jhernandez81,0,1,0,2,8.872280242758923e-05,0.0
_jdepaz,0,1,0,2,8.872280242758923e-05,0.0
_ivanw,0,4,0,5,8.872280242758923e-05,5.017459990328369e-07
_freiheit1,0,5,0,13,8.872280242758923e-05,0.00014631034137829412
soylacanallare1,0,10,0,25,8.872280242758923e-05,0.0001352454916981595
soylibertad79,0,2,0,3,8.872280242758923e-05,0.0
soypeetamv,0,18,0,19,8.872280242758923e-05,0.00024593391992125955
soypuroguate,0,2,0,3,8.872280242758923e-05,0.0
space_plank,0,1,0,2,8.872280242758923e-05,0.0
_donjuank,0,3,0,4,8.872280242758923e-05,1.6648650305197264e-07
strangelband,0,1,0,1,8.872280242758923e-05,0.0
spartanjac77,0,5,0,6,8.872280242758923e-05,0.00019340421024268518
_creyes_,0,3,0,4,8.872280242758923e-05,4.716263507614303e-06
spider_1990,0,1,0,2,8.872280242758923e-05,0.0
spillariroberto,0,8,0,12,8.872280242758923e-05,3.7251275310376824e-05
sr2cq,0,7,0,15,8.872280242758923e-05,5.749756918899383e-06
sr_john_t,0,13,0,14,8.872280242758923e-05,9.910301132742174e-05
srdonpicho,0,3,0,6,8.872280242758923e-05,1.1127238851999711e-05
stefanycal76234,0,2,0,3,8.872280242758923e-05,0.0
stevekazuo,0,2,0,3,8.872280242758923e-05,2.1008451774138796e-05
steven55191020,0,2,0,3,8.872280242758923e-05,0.0
valenthino54316,0,4,0,5,8.872280242758923e-05,4.504203858328911e-06
valerey43212360,0,1,0,2,8.872280242758923e-05,0.0
valfred1979,0,4,0,5,8.872280242758923e-05,4.504203858328911e-06
xavi6lb,0,4,0,5,8.872280242758923e-05,6.5873910547463595e-06
wichogarci,0,2,0,5,8.872280242758923e-05,3.1153392854107025e-05
wiixopotter11,0,6,0,7,8.872280242758923e-05,1.3024354633590822e-05
wijors,0,2,0,3,8.872280242758923e-05,0.0
wilfred_cruz,0,2,0,3,8.872280242758923e-05,0.0
william97211675,0,1,0,2,8.872280242758923e-05,0.0
willie_figueroa,0,2,0,5,8.872280242758923e-05,0.0
willisngt,0,4,0,5,8.872280242758923e-05,2.6346136272902453e-06
willomamp,0,1,0,1,8.872280242758923e-05,0.0
willyalfa,0,2,0,3,8.872280242758923e-05,7.181661232904635e-06
willycalderongt,0,2,0,5,8.872280242758923e-05,0.0
willypin07,0,4,0,11,8.872280242758923e-05,1.3375722490669444e-05
wilmervv67,0,10,0,15,8.872280242758923e-05,1.0808486249743626e-05
wilsonpaxtor9,0,7,0,10,8.872280242758923e-05,1.3641691755406734e-05
wilsonreal89,0,11,0,14,8.872280242758923e-05,1.5842949954107708e-05
windez007,0,4,0,7,8.872280242758923e-05,3.838472651989086e-06
wlps502,0,13,0,16,8.872280242758923e-05,9.420476060455821e-05
wofwofgtt,0,3,0,3,8.872280242758923e-05,0.0002673315643979595
1601jr,0,1,0,2,8.872280242758923e-05,0.0
wohlivanderss,0,1,0,2,8.872280242758923e-05,0.0
wolve_gt,0,1,0,2,8.872280242758923e-05,0.0
wsantizo,0,2,0,3,8.872280242758923e-05,0.0
wsfalonzo,0,5,0,6,8.872280242758923e-05,4.851315372993768e-06
wvasquez2020,0,2,0,2,8.872280242758923e-05,6.922190555289648e-06
wicho_fer88,0,4,0,5,8.872280242758923e-05,4.504203858328911e-06
wexave,0,6,0,11,8.872280242758923e-05,1.3263746502935071e-05
westworldgt,0,1,0,4,8.872280242758923e-05,0.0
1981eljuanpi,0,2,0,3,8.872280242758923e-05,0.0
waltercc,0,3,0,4,8.872280242758923e-05,0.00019307775732518184
1jass1jass,0,1,0,2,8.872280242758923e-05,0.0
walterfloresg1,0,12,0,14,8.872280242758923e-05,7.728527887055858e-05
walterl45816039,0,5,0,8,8.872280242758923e-05,5.559895736130525e-07
walterp03060519,0,4,0,5,8.872280242758923e-05,5.007425070347713e-07
walterquiejnay,0,13,0,14,8.872280242758923e-05,0.00041661833173646116
1c2ff7de4cf7407,0,1,0,2,8.872280242758923e-05,0.0
1994meola,0,5,0,10,8.872280242758923e-05,2.551862961885395e-05
walteryesky,0,1,0,2,8.872280242758923e-05,0.0
wamado04,0,34,0,80,8.872280242758923e-05,0.002338527415181782
wanderlust19851,0,6,0,15,8.872280242758923e-05,1.118865218784243e-06
17147128204ca,0,3,0,4,8.872280242758923e-05,1.2452728459473443e-05
warriorbal,0,5,0,12,8.872280242758923e-05,0.0002096079389336582
197674a,0,3,0,6,8.872280242758923e-05,3.5936411227779376e-08
wasosigt,0,12,0,13,8.872280242758923e-05,0.0003132229872536641
18madame,0,1,0,2,8.872280242758923e-05,0.0
wayarnol,0,2,0,3,8.872280242758923e-05,8.294785100946176e-05
wayoway60601009,0,5,0,8,8.872280242758923e-05,4.812889939913505e-06
wedomonter,0,3,0,4,8.872280242758923e-05,1.4916858103933969e-06
welbar1967,0,1,0,2,8.872280242758923e-05,0.0
wendync07,0,2,0,5,8.872280242758923e-05,0.0
wenjacobo,0,2,0,3,8.872280242758923e-05,7.3258130116750904e-06
xajo1970,0,2,0,3,8.872280242758923e-05,9.981078433183915e-06
xavi_galindo,0,2,0,3,8.872280242758923e-05,0.0
walfredeleon,0,6,0,13,8.872280242758923e-05,1.3234100782717933e-05
xe_maximiliano,0,2,0,3,8.872280242758923e-05,0.0
yordit_c,0,1,0,2,8.872280242758923e-05,0.0
yos0ydanieloff,0,3,0,6,8.872280242758923e-05,0.0
your_2cool,0,3,0,6,8.872280242758923e-05,1.6648650305197264e-07
yoursausague,0,2,0,3,8.872280242758923e-05,0.0
ypz_yepez,0,1,0,2,8.872280242758923e-05,0.0
yubisa123,0,1,0,2,8.872280242758923e-05,0.0
yumanyumanedgar,0,6,0,13,8.872280242758923e-05,5.728441634344887e-07
yury_monroy,0,5,0,6,8.872280242758923e-05,0.00010549149883683838
yuuupii1234,0,7,0,10,8.872280242758923e-05,5.3764510452650135e-05
yvassaux,0,2,0,3,8.872280242758923e-05,0.0001919017463058914
0s_dev,0,1,0,2,8.872280242758923e-05,0.0
z3636m,0,1,0,2,8.872280242758923e-05,0.0
zacapa1971,0,1,0,2,8.872280242758923e-05,0.0
0515om,0,1,0,2,8.872280242758923e-05,0.0
zangiff,0,2,0,3,8.872280242758923e-05,0.0
zerimaral3lh1,0,18,0,19,8.872280242758923e-05,0.00024593391992125955
zeuslvarez4zeus,0,2,0,3,8.872280242758923e-05,0.0
zh1end77,0,1,0,2,8.872280242758923e-05,0.0
zullyayala23922,0,1,0,2,8.872280242758923e-05,0.0
zullyireneayala,0,2,0,3,8.872280242758923e-05,0.0
zullyroca_gi,0,1,0,2,8.872280242758923e-05,0.0
zunigaariandar,0,4,0,5,8.872280242758923e-05,1.4821971020987061e-05
zurdoslowing,0,2,0,3,8.872280242758923e-05,0.0001919017463058914
yolandaquina,0,11,0,12,8.872280242758923e-05,8.523222349763332e-05
yohenbarrera,0,3,0,4,8.872280242758923e-05,8.266595367135882e-05
yogu_light,0,4,0,5,8.872280242758923e-05,5.9425638186401345e-06
yadid_sanchez,0,3,0,4,8.872280242758923e-05,3.66892490885759e-06
xelajutres,0,4,0,5,8.872280242758923e-05,5.007425070347713e-07
xharol3ds,0,3,0,4,8.872280242758923e-05,0.0
xibalba2424,0,6,0,10,8.872280242758923e-05,2.7432508126770167e-05
xiluminex,0,1,0,2,8.872280242758923e-05,0.0
xinit17687372,0,6,0,12,8.872280242758923e-05,0.0003485319984516725
1207_pedro,0,4,0,5,8.872280242758923e-05,1.6553238690861195e-06
xub_l,0,4,0,5,8.872280242758923e-05,1.7270151985758718e-05
xv57,0,2,0,5,8.872280242758923e-05,0.0
xvjnnvt4zb,0,2,0,3,8.872280242758923e-05,0.0
y_piramide,0,2,0,3,8.872280242758923e-05,0.0
yadimonzon,0,2,0,3,8.872280242758923e-05,0.0
yeya16155804,0,7,0,12,8.872280242758923e-05,0.00012257350625260533
yaelmendez,0,7,0,12,8.872280242758923e-05,1.3641691755406734e-05
yaheer14,0,1,0,2,8.872280242758923e-05,0.0
yamilsa71,0,1,0,2,8.872280242758923e-05,0.0
yankees20051968,0,17,0,31,8.872280242758923e-05,0.0007615803426874084
10elcrack10,0,11,0,14,8.872280242758923e-05,1.4131747927549134e-05
1056_antonio,0,7,0,10,8.872280242758923e-05,0.0002155366036969322
yasseramezquita,0,5,0,9,8.872280242758923e-05,5.559895736130525e-07
yayajusta63,0,2,0,3,8.872280242758923e-05,0.0
yc_mendez,0,1,0,2,8.872280242758923e-05,0.0
yerfard,0,2,0,5,8.872280242758923e-05,0.0
walgerhc,0,3,0,4,8.872280242758923e-05,1.749116640688656e-06
wale2953,0,6,0,7,8.872280242758923e-05,3.986742952041174e-06
vandermala,0,2,0,3,8.872280242758923e-05,0.0
victorfutbol123,0,1,0,2,8.872280242758923e-05,0.0
57085652,0,1,0,2,8.872280242758923e-05,0.0
vertical_dorsal,0,14,0,18,8.872280242758923e-05,0.00022553443398679268
53675367,0,2,0,3,8.872280242758923e-05,0.0
vga45941134,0,2,0,3,8.872280242758923e-05,0.0
vgonzalezdlc,0,4,0,5,8.872280242758923e-05,5.9140621393580315e-05
vhcb,0,4,0,7,8.872280242758923e-05,0.00020784713163332573
502gcyrius,0,6,0,7,8.872280242758923e-05,1.3024354633590822e-05
vherny7,0,8,0,9,8.872280242758923e-05,2.955873640232576e-05
vhmancilla,0,1,0,2,8.872280242758923e-05,0.0
viajemosxguate,0,2,0,3,8.872280242758923e-05,1.2937505096512455e-05
vicentatecuenta,0,4,0,5,8.872280242758923e-05,1.7085800697552837e-05
502betty,0,2,0,3,8.872280242758923e-05,0.0001919017463058914
3triatlon,0,2,0,3,8.872280242758923e-05,0.0
360tono,0,6,0,7,8.872280242758923e-05,1.3024354633590822e-05
vicenteedward,0,1,0,2,8.872280242758923e-05,0.0
vicenteram45868,0,3,0,4,8.872280242758923e-05,3.6016271520832724e-07
vicky3313,0,5,0,13,8.872280242758923e-05,8.620779975278162e-06
vicky_alvarez81,0,2,0,3,8.872280242758923e-05,0.0
vicmacue62,0,2,0,3,8.872280242758923e-05,5.1389893328237956e-06
vicmaldonados,0,2,0,3,8.872280242758923e-05,0.0001919017463058914
300867ivan,0,1,0,2,8.872280242758923e-05,0.0
victor21486048,0,1,0,2,8.872280242758923e-05,0.0
victor260471,0,1,0,2,8.872280242758923e-05,0.0
veronic87340138,0,8,0,15,8.872280242758923e-05,0.0002192542204618591
5josuejimenez,0,2,0,3,8.872280242758923e-05,0.0
vernyveliz2,0,3,0,4,8.872280242758923e-05,3.2634748797143027e-07
vazquezz_vanssa,0,2,0,3,8.872280242758923e-05,0.0
73lavon,0,2,0,3,8.872280242758923e-05,0.0
vanidades2023,0,3,0,14,8.872280242758923e-05,2.8194106875944436e-05
72elopez,0,2,0,3,8.872280242758923e-05,0.0
varrecisg,0,5,0,10,8.872280242758923e-05,0.0003847258987774166
7133jrp,0,2,0,3,8.872280242758923e-05,1.9293563674251853e-05
68e33772d49743d,0,7,0,8,8.872280242758923e-05,3.986742952041174e-06
vasq52759,0,3,0,3,8.872280242758923e-05,5.812914026063355e-06
vasquezef,0,1,0,2,8.872280242758923e-05,0.0
vasquezfranqui,0,1,0,2,8.872280242758923e-05,0.0
vasquezoj1,0,2,0,3,8.872280242758923e-05,1.469697745694649e-06
vcrosita61,0,3,0,4,8.872280242758923e-05,1.469697745694649e-06
veredignaguilar,0,1,0,2,8.872280242758923e-05,0.0
vctorhe19153891,0,5,0,10,8.872280242758923e-05,2.4085972815758844e-05
vctormende2432,0,2,0,3,8.872280242758923e-05,0.0
vd15guate,0,4,0,5,8.872280242758923e-05,1.5291903059599907e-06
vecinointegrogt,0,4,0,5,8.872280242758923e-05,4.504203858328911e-06
vegafredy882,0,1,0,2,8.872280242758923e-05,0.0
velasquezw40409,0,4,0,5,8.872280242758923e-05,1.5291903059599907e-06
velizvelizham,0,9,0,13,8.872280242758923e-05,9.397635314692168e-06
vequedeahuevo,0,16,0,37,8.872280242758923e-05,0.000823411496646999
vera_lola,0,1,0,1,8.872280242758923e-05,0.0
verdadlesduele,0,3,0,4,8.872280242758923e-05,6.7806080094267035e-06
victorb37695,0,10,0,11,8.872280242758923e-05,2.0706885527030553e-05
victorgt65,0,3,0,7,8.872280242758923e-05,0.0
waldoo8,0,2,0,3,8.872280242758923e-05,0.0
victoriapsay,0,2,0,3,8.872280242758923e-05,0.0
26_malima,0,8,0,19,8.872280242758923e-05,6.706985410397214e-05
vitrinachapina,0,2,0,2,8.872280242758923e-05,3.6264928043859176e-06
vivaarbenz,0,3,0,3,8.872280242758923e-05,0.00021055033407367107
23bbdo,0,7,0,8,8.872280242758923e-05,2.1726595707277373e-06
vivalatinenja,0,12,0,19,8.872280242758923e-05,4.51443602265787e-05
viviannclaudett,0,2,0,3,8.872280242758923e-05,2.3793099351031872e-06
vivig28,0,1,0,2,8.872280242758923e-05,0.0
vivix_023,0,3,0,6,8.872280242758923e-05,9.731336750973414e-06
vivy_castro,0,2,0,2,8.872280242758923e-05,0.0
vleonsleon,0,7,0,8,8.872280242758923e-05,2.1726595707277373e-06
vm7natalia,0,3,0,6,8.872280242758923e-05,9.024116418343404e-06
vmanuel2023,0,13,0,23,8.872280242758923e-05,2.7150652726946694e-05
vmcastellanosg,0,2,0,3,8.872280242758923e-05,0.0
vonhacker,0,4,0,7,8.872280242758923e-05,2.1288216848368946e-05
voyporguate,0,3,0,4,8.872280242758923e-05,3.6016271520832724e-07
voznisho,0,12,0,15,8.872280242758923e-05,7.728527887055858e-05
vquique,0,8,0,32,8.872280242758923e-05,4.347505526898656e-05
vrp_trinidad,0,4,0,7,8.872280242758923e-05,5.1035771388620516e-05
230221abogado,0,3,0,4,8.872280242758923e-05,1.1760110192903018e-06
w0sierra1564,0,4,0,5,8.872280242758923e-05,5.007425070347713e-07
w54255141,0,2,0,3,8.872280242758923e-05,0.0
w_i_l_l_i_a_m_r,0,2,0,3,8.872280242758923e-05,0.0
wachover,0,3,0,4,8.872280242758923e-05,1.691952456232979e-06
viscadolphins11,0,7,0,10,8.872280242758923e-05,1.3748164000133013e-05
virginiapo2414,0,5,0,6,8.872280242758923e-05,5.228460878664391e-06
vir129,0,3,0,3,8.872280242758923e-05,1.9883859558354966e-06
villanueva71,0,2,0,3,8.872280242758923e-05,1.469697745694649e-06
victorkonkova,0,5,0,8,8.872280242758923e-05,5.7197733128503565e-05
victormanolofl2,0,2,0,3,8.872280242758923e-05,1.469697745694649e-06
victormazarie,0,4,0,9,8.872280242758923e-05,1.4916858103933969e-06
victormejial10,0,8,0,9,8.872280242758923e-05,8.954362596578549e-06
victorp32180872,0,1,0,2,8.872280242758923e-05,0.0
victorp95913830,0,38,0,66,8.872280242758923e-05,0.002063225137123225
29alexander29,0,5,0,8,8.872280242758923e-05,9.137022938824385e-07
viejove33196008,0,3,0,4,8.872280242758923e-05,0.0
vilatabarini,0,1,0,2,8.872280242758923e-05,0.0
villalt93285,0,3,0,9,8.872280242758923e-05,2.118174651999516e-06
villanueva_ci,0,4,0,5,8.872280242758923e-05,3.6381259190187788e-06
violev,0,1,0,2,8.872280242758923e-05,0.0
villatoro_gt,0,4,0,5,8.872280242758923e-05,6.30362795809817e-06
villatoromilton,0,3,0,6,8.872280242758923e-05,2.699651302048639e-05
villeda_ja,0,3,0,4,8.872280242758923e-05,0.0021885904779881736
26bpalencia,0,5,0,6,8.872280242758923e-05,3.226577028697949e-05
vilmamarin20,0,2,0,3,8.872280242758923e-05,0.0
vilmavillatoro7,0,10,0,18,8.872280242758923e-05,7.30816628546831e-06
viniciovillar2,0,4,0,5,8.872280242758923e-05,1.5291903059599907e-06
vinyporty,0,2,0,3,8.872280242758923e-05,0.0
violetrebelde,0,7,0,10,8.872280242758923e-05,7.829484669505349e-05
violetw1998,0,2,0,3,8.872280242758923e-05,0.0
aa4b802,0,3,0,4,8.872280242758923e-05,0.0
aacf73,0,3,0,6,8.872280242758923e-05,3.9420942788274274e-05
pilotegra50,0,6,0,7,8.872280242758923e-05,3.986742952041174e-06
realchapin2,0,5,0,9,8.872280242758923e-05,2.9153619403373116e-05
realquichelense,0,4,0,5,8.872280242758923e-05,9.648497560164299e-05
ajpu88,0,2,0,3,8.872280242758923e-05,3.6192398187771458e-06
rebels3600,0,10,0,13,8.872280242758923e-05,1.1991035141238617e-05
rec749,0,2,0,3,8.872280242758923e-05,0.0
recinitoslou90,0,7,0,12,8.872280242758923e-05,0.00024309778128598744
ajanel_eliseo,0,2,0,3,8.872280242758923e-05,5.743785488932711e-06
recinosme,0,4,0,7,8.872280242758923e-05,4.504203858328911e-06
reddevil7490,0,1,0,2,8.872280242758923e-05,0.0
redime07,0,2,0,4,8.872280242758923e-05,7.251598908634151e-07
redskull445,0,2,0,3,8.872280242758923e-05,0.0
reginasancheza,0,3,0,4,8.872280242758923e-05,3.11400389540875e-05
reimerghost,0,3,0,4,8.872280242758923e-05,0.00020525464540916555
aitanamerinomx,0,1,0,2,8.872280242758923e-05,0.0
relajerototal,0,6,0,13,8.872280242758923e-05,6.467878990085419e-07
renat_21,0,2,0,3,8.872280242758923e-05,1.756244940917208e-05
rendonarana,0,7,0,21,8.872280242758923e-05,2.4298436398598312e-05
renefelix_,0,3,0,4,8.872280242758923e-05,0.0
renelorca,0,11,0,15,8.872280242758923e-05,0.000765993403079538
airhelp,0,1,0,2,8.872280242758923e-05,0.0
renilevin84,0,18,0,22,8.872280242758923e-05,0.00023371729011185393
reny_rojaz,0,5,0,8,8.872280242758923e-05,5.492113118344446e-07
rep_202420,0,2,0,3,8.872280242758923e-05,0.0
reporterogt502,0,2,0,2,8.872280242758923e-05,5.205696901443323e-07
realpokergt,0,2,0,3,8.872280242758923e-05,0.0
rdm19761,0,6,0,10,8.872280242758923e-05,6.042325124855266e-06
aacn75,0,3,0,4,8.872280242758923e-05,3.680886980927175e-05
rdldag16,0,10,0,13,8.872280242758923e-05,1.0808486249743626e-05
rancherosogt,0,1,0,2,8.872280242758923e-05,0.0
rand41,0,2,0,2,8.872280242758923e-05,1.6968344833420997e-06
randolfoenriqu3,0,4,0,10,8.872280242758923e-05,1.5291903059599907e-06
random_ram80,0,2,0,3,8.872280242758923e-05,0.0
randyestrella1,0,1,0,1,8.872280242758923e-05,0.0
raqu85549,0,7,0,15,8.872280242758923e-05,1.0583203189605197e-05
raquelg49025070,0,2,0,3,8.872280242758923e-05,0.0
rarsa2,0,2,0,3,8.872280242758923e-05,0.0
rasensiom14,0,2,0,3,8.872280242758923e-05,0.0
rasp14051965,0,1,0,2,8.872280242758923e-05,0.0
ratedrlo,0,4,0,5,8.872280242758923e-05,3.2634748797143027e-07
raul_cardona,0,2,0,3,8.872280242758923e-05,1.4128689918798423e-06
raulgar41374916,0,1,0,2,8.872280242758923e-05,0.0
raulruiz72,0,4,0,9,8.872280242758923e-05,0.00019712100817215108
alaindlc,0,2,0,9,8.872280242758923e-05,5.743785488932711e-06
raymund74927220,0,14,0,15,8.872280242758923e-05,0.00012273345338983623
rayycarvajal,0,9,0,10,8.872280242758923e-05,0.00011599713601136514
raziel_morton,0,1,0,2,8.872280242758923e-05,0.0
rb_sativa,0,12,0,15,8.872280242758923e-05,5.908074486318815e-05
rbravo95504588,0,6,0,13,8.872280242758923e-05,7.680784679433613e-07
rc_gt,0,3,0,4,8.872280242758923e-05,2.1228414818628825e-06
rchinchillac,0,6,0,17,8.872280242758923e-05,8.036719915655292e-06
rdiazcorzo,0,4,0,5,8.872280242758923e-05,6.010135767134564e-06
reporteroukny,0,11,0,11,8.872280242758923e-05,0.005532655410107364
aida23856800,0,7,0,13,8.872280242758923e-05,1.3105006838114114e-05
aida22101,0,4,0,5,8.872280242758923e-05,5.007425070347713e-07
aibig26,0,1,0,2,8.872280242758923e-05,0.0
richdr11,0,1,0,2,8.872280242758923e-05,0.0
richierodcas,0,1,0,2,8.872280242758923e-05,0.0
rickmillionare,0,5,0,7,8.872280242758923e-05,1.07039641398457e-06
rickyr7,0,14,0,34,8.872280242758923e-05,0.0023820356770832382
agentelara2023,0,2,0,3,8.872280242758923e-05,0.0
rigobertoperezb,0,4,0,7,8.872280242758923e-05,1.6020640591973714e-06
rigosantoro,0,3,0,6,8.872280242758923e-05,2.1746877329042773e-05
rita_vs,0,4,0,5,8.872280242758923e-05,0.0
ritacadtillo,0,1,0,2,8.872280242758923e-05,0.0
ritadehernande1,0,2,0,3,8.872280242758923e-05,0.0
ritaow,0,7,0,8,8.872280242758923e-05,3.986742952041174e-06
riveradanziger,0,7,0,21,8.872280242758923e-05,0.0002677191813600897
ag_medina,0,6,0,9,8.872280242758923e-05,6.302998341779957e-06
rjgdavi,0,1,0,2,8.872280242758923e-05,0.0
rlmazariegos,0,7,0,10,8.872280242758923e-05,4.493374840534866e-05
rlornazana,0,5,0,10,8.872280242758923e-05,8.959763603668236e-07
rmavime87304,0,1,0,2,8.872280242758923e-05,0.0
rmayen33,0,2,0,5,8.872280242758923e-05,0.0
rmojicav,0,2,0,3,8.872280242758923e-05,0.0
adrianvasq25812,0,14,0,22,8.872280242758923e-05,3.99347092720209e-06
adrianpc912,0,1,0,2,8.872280242758923e-05,0.0
rob25535flores,0,6,0,7,8.872280242758923e-05,1.3024354633590822e-05
robertfuentes3,0,2,0,3,8.872280242758923e-05,0.0
richarsonc5,0,1,0,2,8.872280242758923e-05,0.0
richardgutii,0,1,0,2,8.872280242758923e-05,0.0
ricarmy2k,0,2,0,3,8.872280242758923e-05,2.1200294157018804e-06
reygiovvanny,0,4,0,5,8.872280242758923e-05,8.081334430552083e-07
ahimadreahi,0,8,0,26,8.872280242758923e-05,0.0007282965151778881
aguayjoma,0,3,0,6,8.872280242758923e-05,0.0002062050134942486
aguatemalensis,0,5,0,6,8.872280242758923e-05,1.411228389053086e-05
agriperen,0,7,0,8,8.872280242758923e-05,5.302824756397429e-05
resilente58136,0,5,0,9,8.872280242758923e-05,5.571037811754034e-07
rev0wg,0,1,0,4,8.872280242758923e-05,0.0
revoloriowilson,0,1,0,4,8.872280242758923e-05,0.0
reybet0,0,2,0,3,8.872280242758923e-05,0.0
reyes4488,0,4,0,8,8.872280242758923e-05,0.0
reyesjroberto,0,1,0,2,8.872280242758923e-05,0.0
rg550awmendoza,0,9,0,18,8.872280242758923e-05,7.465593026160701e-05
agiron1969,0,10,0,11,8.872280242758923e-05,1.0808486249743626e-05
rg_crgc,0,2,0,3,8.872280242758923e-05,0.0
rh6115,0,2,0,3,8.872280242758923e-05,5.093507978591208e-05
ricarcastaneda,0,2,0,3,8.872280242758923e-05,0.0
ricarddo39,0,1,0,2,8.872280242758923e-05,0.0
ricardo44762362,0,3,0,10,8.872280242758923e-05,3.204527636795698e-07
ricardocopene,0,1,0,2,8.872280242758923e-05,0.0
ricardogar75678,0,1,0,2,8.872280242758923e-05,0.0
ricardolea22866,0,1,0,2,8.872280242758923e-05,0.0
ricardomena2024,0,1,0,2,8.872280242758923e-05,0.0
ricardoten92629,0,3,0,7,8.872280242758923e-05,0.0
ramoswilliam___,0,4,0,5,8.872280242758923e-05,1.8962154684648024e-05
ramoscart,0,2,0,3,8.872280242758923e-05,3.6402653675229344e-06
ramirez1vinicio,0,2,0,3,8.872280242758923e-05,0.0
alberto61295480,0,1,0,2,8.872280242758923e-05,0.0
aldogomezscala,0,2,0,3,8.872280242758923e-05,2.3426765791758405e-05
aldo_guate2024,0,2,0,3,8.872280242758923e-05,9.981078433183915e-06
ponci_s,0,3,0,4,8.872280242758923e-05,0.0
poolteco,0,5,0,6,8.872280242758923e-05,5.007425070347713e-07
poroj97435c,0,2,0,3,8.872280242758923e-05,0.0
porquesi849468,0,5,0,14,8.872280242758923e-05,1.4451216987757086e-08
portocarrero54,0,2,0,3,8.872280242758923e-05,0.0
pozuelos59,0,1,0,2,8.872280242758923e-05,0.0
preguntonchapin,0,6,0,9,8.872280242758923e-05,5.198068481722789e-06
aldanav52139161,0,32,0,63,8.872280242758923e-05,0.0003535861908366826
alcer1967,0,1,0,2,8.872280242758923e-05,0.0
alburezdon83842,0,1,0,2,8.872280242758923e-05,0.0
prgatica04,0,8,0,12,8.872280242758923e-05,7.158826096476006e-05
principitofiu,0,4,0,5,8.872280242758923e-05,4.513230318966845e-06
prisluzbe,0,1,0,2,8.872280242758923e-05,0.0
prodigyjp1,0,5,0,8,8.872280242758923e-05,1.9570734680056363e-06
profjels,0,1,0,4,8.872280242758923e-05,0.0
pstuarts,0,1,0,4,8.872280242758923e-05,0.0
pulino316,0,17,0,20,8.872280242758923e-05,0.00015637660821290374
punchdefruta,0,2,0,3,8.872280242758923e-05,9.832572830964516e-07
puntocriticogt,0,1,0,2,8.872280242758923e-05,0.0
pups_pup,0,2,0,2,8.872280242758923e-05,0.0
albertomrida8,0,1,0,2,8.872280242758923e-05,0.0
ale07gt,0,5,0,8,8.872280242758923e-05,5.492113118344446e-07
alechris2511,0,3,0,4,8.872280242758923e-05,2.219306255911956e-06
politiqueros502,0,1,0,2,8.872280242758923e-05,0.0
pishpiiii,0,4,0,5,8.872280242758923e-05,4.504203858328911e-06
pinchariccortta,0,7,0,11,8.872280242758923e-05,2.5743788323309477e-05
pineda_hilmar,0,4,0,5,8.872280242758923e-05,1.411228389053086e-05
pineda_jossy33,0,2,0,3,8.872280242758923e-05,0.0
pinedaflory,0,2,0,3,8.872280242758923e-05,0.0
alegt2011,0,4,0,5,8.872280242758923e-05,5.007425070347713e-07
pirir9pirir,0,3,0,4,8.872280242758923e-05,0.0001919017463058914
alegon_com,0,1,0,2,8.872280242758923e-05,0.0
pirlokolarov,0,2,0,8,8.872280242758923e-05,0.0
pirucanb,0,4,0,12,8.872280242758923e-05,7.079268916000978e-06
piruli70,0,1,0,2,8.872280242758923e-05,0.0
pishquif,0,3,0,4,8.872280242758923e-05,9.685433466478993e-05
polipelaez,0,3,0,4,8.872280242758923e-05,7.605096369992062e-07
pito_elsa31549,0,12,0,13,8.872280242758923e-05,3.1781363512018005e-05
pjmendoz,0,1,0,2,8.872280242758923e-05,0.0
playagrandesa,0,1,0,2,8.872280242758923e-05,0.0
playsomerock45,0,10,0,11,8.872280242758923e-05,1.0808486249743626e-05
pmaparicio,0,1,0,2,8.872280242758923e-05,0.0
letty367876,0,4,0,5,8.872280242758923e-05,4.504203858328911e-06
pocastrancas8,0,2,0,3,8.872280242758923e-05,0.0
pocondario,0,3,0,4,8.872280242758923e-05,2.8201060127499913e-05
poder502,0,20,0,43,8.872280242758923e-05,0.0010055487437617423
poe0591,0,4,0,8,8.872280242758923e-05,0.0
alberto84835575,0,4,0,5,8.872280242758923e-05,1.5291903059599907e-06
alberto18424661,0,1,0,2,8.872280242758923e-05,0.0
ralmoreira7690,0,2,0,3,8.872280242758923e-05,0.0
albertjoreyes84,0,3,0,4,8.872280242758923e-05,9.168276166299809e-06
qzazu,0,1,0,2,8.872280242758923e-05,0.0
r3n3strada,0,2,0,2,8.872280242758923e-05,1.6648650305197264e-07
rabanalesflor,0,9,0,12,8.872280242758923e-05,8.487334900622499e-05
rachew0530,0,1,0,4,8.872280242758923e-05,0.0
rack2311,0,4,0,9,8.872280242758923e-05,2.7802645618831567e-06
radiogtfvelrm,0,4,0,5,8.872280242758923e-05,0.0
albafikagt,0,4,0,5,8.872280242758923e-05,4.504203858328911e-06
alaymarvin,0,3,0,6,8.872280242758923e-05,4.716263507614303e-06
rafaelandresmc,0,2,0,3,8.872280242758923e-05,0.0
rafaelayau,0,2,0,3,8.872280242758923e-05,0.0
rafaellinarte5,0,10,0,22,8.872280242758923e-05,0.0004706200517420384
rafaelmrquez14,0,3,0,4,8.872280242758923e-05,0.00012649842168613944
rafaelxicol,0,2,0,3,8.872280242758923e-05,0.0
rafaeortega2,0,2,0,3,8.872280242758923e-05,0.0
rafaesting,0,1,0,2,8.872280242758923e-05,0.0
rafag65003552,0,4,0,5,8.872280242758923e-05,8.065171761690978e-07
rafamosquera,0,2,0,3,8.872280242758923e-05,0.0
rafason,0,8,0,15,8.872280242758923e-05,0.0004278662266946959
alanlitio,0,15,0,22,8.872280242758923e-05,0.002400050286166858
alanbonilla3212,0,2,0,3,8.872280242758923e-05,1.469697745694649e-06
rafayxn82450,0,3,0,4,8.872280242758923e-05,3.2572763318764207e-06
ragnarlogbroc,0,5,0,6,8.872280242758923e-05,1.0050872413347696e-05
ralmaqun1,0,1,0,2,8.872280242758923e-05,0.0
albaluzpatricia,0,3,0,4,8.872280242758923e-05,1.4916858103933969e-06
qwerty4577,0,3,0,4,8.872280242758923e-05,7.654295020422491e-05
quisemperridet,0,8,0,9,8.872280242758923e-05,1.494542360970056e-06
qmarroquin62092,0,1,0,2,8.872280242758923e-05,0.0
purples626,0,2,0,3,8.872280242758923e-05,0.0
pushka08,0,1,0,2,8.872280242758923e-05,0.0
pwichini,0,2,0,11,8.872280242758923e-05,1.179078794939388e-05
pyotr_velikiy,0,3,0,4,8.872280242758923e-05,2.4930089356909408e-05
qanongt161335,0,3,0,4,8.872280242758923e-05,0.0
qbixmucane,0,2,0,3,8.872280242758923e-05,0.0
qedwin84,0,2,0,3,8.872280242758923e-05,0.0
qiqefigue,0,2,0,5,8.872280242758923e-05,0.0
qj6d6q7rqw,0,9,0,25,8.872280242758923e-05,0.00022065400078874776
alberthmenendez,0,16,0,23,8.872280242758923e-05,0.0003888095433052811
qontrol,0,4,0,5,8.872280242758923e-05,5.007425070347713e-07
quiquetuit5,0,2,0,3,8.872280242758923e-05,0.0
qpumas1,0,5,0,6,8.872280242758923e-05,5.47798613862134e-05
qschwank,0,6,0,12,8.872280242758923e-05,1.5183949850041077e-05
quefux_,0,3,0,11,8.872280242758923e-05,0.0001919017463058914
albaquinonez,0,4,0,5,8.872280242758923e-05,4.504203858328911e-06
querquitus,0,2,0,3,8.872280242758923e-05,0.0
quetzalio502,0,3,0,4,8.872280242758923e-05,0.0001919017463058914
albamgt,0,3,0,4,8.872280242758923e-05,8.107441718889117e-06
quetzaltec96195,0,2,0,5,8.872280242758923e-05,0.0
quinonezraa,0,2,0,3,8.872280242758923e-05,0.0
quiquemena3,0,3,0,4,8.872280242758923e-05,3.204527636795698e-07
roberto09789152,0,3,0,4,8.872280242758923e-05,3.6016271520832724e-07
roberto28338166,0,2,0,5,8.872280242758923e-05,0.0
roberto83878548,0,5,0,6,8.872280242758923e-05,4.504203858328911e-06
sedem_gt,0,2,0,2,8.872280242758923e-05,4.068018311569101e-06
santanachapin,0,2,0,3,8.872280242758923e-05,0.0
santezalejandro,0,5,0,6,8.872280242758923e-05,4.504203858328911e-06
santiag52263514,0,2,0,3,8.872280242758923e-05,0.0
santo_de_garche,0,2,0,3,8.872280242758923e-05,0.0
sapinho1980,0,2,0,3,8.872280242758923e-05,0.0
sapo2553,0,1,0,2,8.872280242758923e-05,0.0
sara20400400,0,14,0,28,8.872280242758923e-05,6.755139740283115e-05
sarairobledo3,0,3,0,5,8.872280242758923e-05,6.26345861706009e-05
sarcacidboy,0,4,0,5,8.872280242758923e-05,5.007425070347713e-07
sasantosg,0,5,0,6,8.872280242758923e-05,9.57934783424143e-06
satanguate,0,4,0,5,8.872280242758923e-05,1.643619854436553e-05
satoshiconmoto,0,1,0,2,8.872280242758923e-05,0.0
saulova96765150,0,4,0,7,8.872280242758923e-05,1.5763653172214425e-06
sawlito1,0,2,0,3,8.872280242758923e-05,0.0
saxomofono,0,1,0,2,8.872280242758923e-05,0.0
sc_nashi,0,3,0,4,8.872280242758923e-05,1.9219107813697485e-08
acapelagt,0,1,0,1,8.872280242758923e-05,0.0
scheherezade_79,0,3,0,4,8.872280242758923e-05,5.1195753578483445e-06
sdblolo,0,3,0,4,8.872280242758923e-05,0.0
se_cardona3,0,4,0,15,8.872280242758923e-05,0.00010531221866399956
seanigri2,0,4,0,7,8.872280242758923e-05,1.6144015848857718e-05
sebasti94347042,0,1,0,2,8.872280242758923e-05,0.0
sebastorresaz,0,3,0,6,8.872280242758923e-05,1.344525635501373e-05
sanmateua,0,4,0,5,8.872280242758923e-05,5.007425070347713e-07
sandrygadr,0,2,0,3,8.872280242758923e-05,0.0
sandrix0903,0,2,0,3,8.872280242758923e-05,9.835832399737235e-07
aceitunoarturo,0,4,0,5,8.872280242758923e-05,4.504203858328911e-06
safeandsound94,0,1,0,2,8.872280242758923e-05,0.0
sagasstume,0,1,0,2,8.872280242758923e-05,0.0
saidches,0,2,0,5,8.872280242758923e-05,0.0
sairadelva,0,7,0,8,8.872280242758923e-05,2.1726595707277373e-06
salas_bicho,0,3,0,4,8.872280242758923e-05,0.0
salazarreload2,0,3,0,3,8.872280242758923e-05,5.742626419467996e-06
salem_joaquin,0,8,0,16,8.872280242758923e-05,2.6131475736114976e-05
salgueromanuel,0,5,0,7,8.872280242758923e-05,2.551862961885395e-05
saloj_cesar,0,2,0,3,8.872280242758923e-05,0.0
aceytunojhonny,0,5,0,8,8.872280242758923e-05,0.00020715994454633183
saludybillete,0,3,0,3,8.872280242758923e-05,0.00010732233312171206
sandrayoc2,0,3,0,6,8.872280242758923e-05,1.0419542740852655e-05
sammettori,0,1,0,2,8.872280242758923e-05,0.0
samuele37780664,0,4,0,5,8.872280242758923e-05,1.4147276989008407e-05
samuelvazq61417,0,2,0,3,8.872280242758923e-05,2.260273942618057e-06
samyhuerta70424,0,1,0,2,8.872280242758923e-05,0.0
sanchezhaldo,0,16,0,23,8.872280242758923e-05,0.00040357455220002954
acatato,0,9,0,14,8.872280242758923e-05,7.343984489113531e-06
sanchezrita,0,7,0,8,8.872280242758923e-05,0.0010480394038252393
sanderbike,0,5,0,13,8.872280242758923e-05,6.3323516673417675e-06
sandovs07,0,1,0,2,8.872280242758923e-05,0.0
sandramoranr,0,1,0,1,8.872280242758923e-05,0.0
sebvega,0,3,0,4,8.872280242758923e-05,0.0
ac_trs1,0,2,0,3,8.872280242758923e-05,0.0
sabichjarif,0,2,0,3,8.872280242758923e-05,0.0
selarom_k,0,4,0,5,8.872280242758923e-05,2.6346136272902453e-06
serranourib,0,2,0,3,8.872280242758923e-05,0.0
servicomlopez,0,1,0,2,8.872280242758923e-05,0.0
abner864673,0,4,0,9,8.872280242758923e-05,1.962523138463666e-07
sexymonito,0,4,0,5,8.872280242758923e-05,4.504203858328911e-06
sfaustino641,0,3,0,4,8.872280242758923e-05,3.66892490885759e-06
shadowpop8,0,1,0,2,8.872280242758923e-05,0.0
shejogarcia,0,1,0,2,8.872280242758923e-05,0.0
shidith,0,1,0,2,8.872280242758923e-05,0.0
shuteelpobre,0,14,0,30,8.872280242758923e-05,0.0029413010846630473
abiluisfer,0,2,0,3,8.872280242758923e-05,1.2937505096512455e-05
abejarocket1,0,3,0,4,8.872280242758923e-05,2.810938820880443e-06
abadilloroberto,0,2,0,3,8.872280242758923e-05,9.693897281461295e-05
siana5021503,0,2,0,3,8.872280242758923e-05,0.0
siangiovanni,0,2,0,3,8.872280242758923e-05,1.3797560484442886e-05
siasdj,0,1,0,2,8.872280242758923e-05,0.0
sigridcleaves,0,5,0,10,8.872280242758923e-05,3.7699024127421804e-06
sigridrm,0,3,0,4,8.872280242758923e-05,0.0
sihaysisinono,0,2,0,3,8.872280242758923e-05,1.469697745694649e-06
sihubogenocidio,0,14,0,18,8.872280242758923e-05,0.0002450324348294683
silencio009,0,21,0,22,8.872280242758923e-05,0.0068705713495083144
aamtsi,0,3,0,6,8.872280242758923e-05,0.0
aamayagar,0,1,0,2,8.872280242758923e-05,0.0
aacooljaa,0,4,0,5,8.872280242758923e-05,5.007425070347713e-07
sergiovinicioo,0,8,0,9,8.872280242758923e-05,1.0589048977045511e-05
sergiovegat,0,2,0,3,8.872280242758923e-05,0.0
sergioporres2,0,5,0,27,8.872280242758923e-05,1.07039641398457e-06
serch0120,0,2,0,3,8.872280242758923e-05,1.566959431910413e-05
seletiene211371,0,3,0,4,8.872280242758923e-05,6.39672487686306e-05
selvinf78069837,0,3,0,6,8.872280242758923e-05,1.9853096207964407e-05
semillademal,0,4,0,9,8.872280242758923e-05,0.0
sempechris48694,0,2,0,8,8.872280242758923e-05,0.0
senatorgt,0,14,0,37,8.872280242758923e-05,1.5530649847487056e-05
abnermazar35539,0,6,0,10,8.872280242758923e-05,4.102692277428745e-06
senorclimagt,0,4,0,4,8.872280242758923e-05,2.4067474393101647e-05
sepademendi,0,10,0,25,8.872280242758923e-05,1.9903177029322634e-05
abnergiron,0,4,0,5,8.872280242758923e-05,3.6381259190187788e-06
serbagua,0,4,0,7,8.872280242758923e-05,0.0
serena454543024,0,1,0,2,8.872280242758923e-05,0.0
sergioosoy,0,1,0,2,8.872280242758923e-05,0.0
sergi_57,0,2,0,3,8.872280242758923e-05,1.4128689918798423e-06
sergio27101799,0,5,0,8,8.872280242758923e-05,3.5207491337574336e-05
sergio88606888,0,5,0,8,8.872280242758923e-05,0.0022980725057834242
abnercano77,0,4,0,5,8.872280242758923e-05,5.007425070347713e-07
abner_schol,0,5,0,8,8.872280242758923e-05,5.492113118344446e-07
sergio_ojala,0,3,0,4,8.872280242758923e-05,1.380969306541799e-05
sergioc26844120,0,4,0,5,8.872280242758923e-05,5.007425070347713e-07
sergiogonzale99,0,2,0,3,8.872280242758923e-05,1.469697745694649e-06
sergiogunmate,0,4,0,5,8.872280242758923e-05,0.0001474271198985457
sergiol16320201,0,5,0,10,8.872280242758923e-05,3.31404860908364e-05
sacarmandoedgar,0,6,0,7,8.872280242758923e-05,1.3024354633590822e-05
s_arahdez,0,3,0,4,8.872280242758923e-05,1.6648650305197264e-07
robertojrguill4,0,6,0,7,8.872280242758923e-05,1.3024354633590822e-05
ronald6293,0,3,0,8,8.872280242758923e-05,3.3521428121918985e-07
rodrigo82606012,0,1,0,2,8.872280242758923e-05,0.0
rodrigobraves,0,3,0,4,8.872280242758923e-05,2.113938302695517e-06
rodrigoerm,0,5,0,5,8.872280242758923e-05,2.6355240756726223e-06
rodrigolpe72683,0,1,0,2,8.872280242758923e-05,0.0
rodrigomarin192,0,2,0,3,8.872280242758923e-05,0.0
rodriguezadani,0,5,0,9,8.872280242758923e-05,3.972970936399884e-06
rodrivargas5000,0,4,0,5,8.872280242758923e-05,4.504203858328911e-06
rodrixlop,0,2,0,3,8.872280242758923e-05,4.5253099761774e-06
rodsamayoa,0,2,0,3,8.872280242758923e-05,0.0
rogelius13,0,2,0,3,8.872280242758923e-05,0.0
roger19951924,0,2,0,3,8.872280242758923e-05,0.0
rogerioescoba10,0,2,0,11,8.872280242758923e-05,1.566959431910413e-05
rojitosantacruz,0,1,0,2,8.872280242758923e-05,0.0
rojocesarc,0,4,0,7,8.872280242758923e-05,2.6346136272902453e-06
rojoloco88,0,4,0,10,8.872280242758923e-05,0.0
rojoooo70,0,4,0,5,8.872280242758923e-05,5.007425070347713e-07
rokokok50669568,0,3,0,6,8.872280242758923e-05,1.4433793873530145e-05
rolanrama,0,8,0,9,8.872280242758923e-05,1.0589048977045511e-05
rolo688,0,8,0,9,8.872280242758923e-05,8.954362596578549e-06
rolosisi,0,2,0,3,8.872280242758923e-05,0.0
romelau7172,0,2,0,5,8.872280242758923e-05,0.0
romero_luisg,0,1,0,2,8.872280242758923e-05,0.0
rompe_gt,0,7,0,17,8.872280242758923e-05,4.640966415085372e-06
rodrigo79349039,0,3,0,4,8.872280242758923e-05,6.917913826934435e-05
rodrigo12172062,0,1,0,4,8.872280242758923e-05,0.0
rodri8719,0,5,0,9,8.872280242758923e-05,1.07039641398457e-06
robrodastrader,0,8,0,9,8.872280242758923e-05,8.97230721100055e-06
robertoperezg81,0,1,0,2,8.872280242758923e-05,0.0
robertorozcos,0,4,0,5,8.872280242758923e-05,5.007425070347713e-07
robertoruhe,0,2,0,3,8.872280242758923e-05,0.0
robertotobar42,0,6,0,15,8.872280242758923e-05,3.0048711711062505e-05
robertr02304443,0,24,0,62,8.872280242758923e-05,0.00039912264883478583
adriana44135134,0,2,0,3,8.872280242758923e-05,0.0
roberwon,0,4,0,5,8.872280242758923e-05,1.6648650305197264e-07
roberyairon,0,1,0,2,8.872280242758923e-05,0.0
robotinabc,0,1,0,2,8.872280242758923e-05,0.0
robpol68,0,7,0,8,8.872280242758923e-05,3.986742952041174e-06
robsantafe,0,3,0,6,8.872280242758923e-05,0.0
rodri8,0,5,0,6,8.872280242758923e-05,5.017459990328369e-07
rocaguate2022,0,5,0,10,8.872280242758923e-05,9.129126130462296e-05
rocioperdomov,0,5,0,11,8.872280242758923e-05,9.564286375007388e-05
adrian1771620,0,7,0,12,8.872280242758923e-05,7.752277202125562e-05
rocioxrd_,0,1,0,1,8.872280242758923e-05,0.0
rocksta57446063,0,2,0,3,8.872280242758923e-05,0.0
rodas164,0,4,0,5,8.872280242758923e-05,0.0
rodenasmarina,0,4,0,9,8.872280242758923e-05,7.09345582765629e-06
rodgt23,0,1,0,2,8.872280242758923e-05,0.0
rodlrm,0,2,0,3,8.872280242758923e-05,0.0
rodolfo24172105,0,2,0,3,8.872280242758923e-05,0.0
ronal4403,0,2,0,3,8.872280242758923e-05,0.0
ronald_gudiel,0,5,0,6,8.872280242758923e-05,5.007425070347713e-07
s7perseijayden,0,1,0,4,8.872280242758923e-05,0.0
ronald_sterkel,0,1,0,2,8.872280242758923e-05,0.0
rozzottorodrigo,0,3,0,4,8.872280242758923e-05,3.9188940937244493e-05
rpmgio2411,0,2,0,3,8.872280242758923e-05,0.0
rrolob,0,2,0,3,8.872280242758923e-05,0.0
rspctbegetsrspc,0,1,0,2,8.872280242758923e-05,0.0
rubenchevezr,0,4,0,5,8.872280242758923e-05,0.0001922828142067608
acoro762,0,1,0,2,8.872280242758923e-05,0.0
rubenihor,0,2,0,3,8.872280242758923e-05,0.0
rubn13379696,0,1,0,2,8.872280242758923e-05,0.0
rudonrudy,0,1,0,8,8.872280242758923e-05,0.0
rudycontreras3,0,1,0,2,8.872280242758923e-05,0.0
rudys_one,0,1,0,2,8.872280242758923e-05,0.0
acordonoficial,0,1,0,2,8.872280242758923e-05,0.0
acidogt,0,2,0,3,8.872280242758923e-05,0.0
rudytejedagt,0,5,0,17,8.872280242758923e-05,0.0001948265673855937
acidoanton1107,0,13,0,14,8.872280242758923e-05,9.910301132742174e-05
ruff58723096,0,13,0,21,8.872280242758923e-05,8.576972848915566e-05
ruffito19,0,4,0,5,8.872280242758923e-05,4.504203858328911e-06
achishpatojo,0,8,0,9,8.872280242758923e-05,8.954362596578549e-06
ruidocarwashagm,0,7,0,12,8.872280242758923e-05,0.00015125538841353407
rutchapina,0,3,0,5,8.872280242758923e-05,0.0
rvra1967,0,4,0,5,8.872280242758923e-05,5.007425070347713e-07
ryas071,0,2,0,3,8.872280242758923e-05,0.0
s35938704,0,2,0,3,8.872280242758923e-05,7.893829967824358e-08
roxanaruizi,0,4,0,5,8.872280242758923e-05,3.2634748797143027e-07
rossycapri,0,3,0,4,8.872280242758923e-05,1.4128689918798423e-06
rossihectors,0,9,0,10,8.872280242758923e-05,8.954362596578549e-06
roosjuly92,0,4,0,5,8.872280242758923e-05,7.739882177581737e-06
ronaldm05161013,0,17,0,25,8.872280242758923e-05,0.002412520508547554
adolfodiem57,0,4,0,5,8.872280242758923e-05,3.511286352327095e-05
ronaldp25524609,0,9,0,13,8.872280242758923e-05,6.359370895121894e-05
ronaldvillato11,0,9,0,16,8.872280242758923e-05,1.9424790300539538e-05
roncontreras4,0,5,0,6,8.872280242758923e-05,0.00018738019093772398
ronivasco11,0,1,0,2,8.872280242758923e-05,0.0
ronpeerz,0,1,0,2,8.872280242758923e-05,0.0
ronysac,0,1,0,2,8.872280242758923e-05,0.0
adnjernimo1,0,9,0,22,8.872280242758923e-05,0.00010469031408906738
adlm_,0,2,0,2,8.872280242758923e-05,1.679542635225488e-05
ropalmac,0,4,0,5,8.872280242758923e-05,1.5291903059599907e-06
rosemary241,0,1,0,2,8.872280242758923e-05,0.0
rosa87298204,0,4,0,7,8.872280242758923e-05,3.834123789450398e-06
rosales14438,0,1,0,2,8.872280242758923e-05,0.0
rosales1tono,0,4,0,7,8.872280242758923e-05,0.0003838034926117828
adimparody,0,6,0,7,8.872280242758923e-05,6.0544339928409475e-06
addermagustarot,0,2,0,3,8.872280242758923e-05,0.0
rosales77496,0,4,0,7,8.872280242758923e-05,1.5322548155911731e-06
rosalesfelipao,0,1,0,2,8.872280242758923e-05,0.0
adanrodass,0,3,0,4,8.872280242758923e-05,1.2390779330906004e-05
rosariodesamay1,0,2,0,3,8.872280242758923e-05,0.0
rosariosoto2020,0,1,0,2,8.872280242758923e-05,0.0
lex_gt86,0,1,0,2,8.872280242758923e-05,0.0
au_cdl,0,2,0,7,8.872280242758923e-05,0.0
letona_nimzy,0,2,0,3,8.872280242758923e-05,0.0
chuza_andrea,0,6,0,11,8.872280242758923e-05,1.3024354633590822e-05
claraluzfranco1,0,2,0,13,8.872280242758923e-05,0.0
claragudiel719,0,6,0,9,8.872280242758923e-05,4.00062091775788e-06
clandeztino,0,1,0,2,8.872280242758923e-05,0.0
fercastillo0902,0,4,0,6,8.872280242758923e-05,5.654186401698824e-05
fercho_ovando,0,3,0,4,8.872280242758923e-05,1.062085674068207e-05
fercito424,0,2,0,3,8.872280242758923e-05,8.669062716165451e-06
feres08,0,2,0,5,8.872280242758923e-05,0.0
fergeo_,0,2,0,3,8.872280242758923e-05,0.0
ferlira8,0,2,0,3,8.872280242758923e-05,0.0
fernadvives,0,9,0,12,8.872280242758923e-05,0.0023194086321832712
clairevett1,0,10,0,25,8.872280242758923e-05,9.45146442074993e-05
cjorgester,0,4,0,5,8.872280242758923e-05,5.007425070347713e-07
fernanbarr,0,4,0,5,8.872280242758923e-05,9.59508731529457e-05
citizen_tobino,0,27,0,55,8.872280242758923e-05,0.004309269570832502
ciramaguamarco,0,3,0,4,8.872280242758923e-05,1.0025232448951526e-05
fernand58750771,0,1,0,4,8.872280242758923e-05,0.0
fernand60951576,0,3,0,4,8.872280242758923e-05,0.00019263459848022324
fernandochang95,0,3,0,3,8.872280242758923e-05,1.698053287096327e-05
fernandop_30,0,2,0,3,8.872280242758923e-05,1.8648587767779636e-05
ferretisal29012,0,11,0,12,8.872280242758923e-05,0.000566570924894983
cinymonz,0,14,0,15,8.872280242758923e-05,0.00012044463334952055
cindyrella_25,0,3,0,8,8.872280242758923e-05,6.680771285612743e-06
cidfaustina,0,2,0,3,8.872280242758923e-05,0.0
clarenceheyramw,0,4,0,5,8.872280242758923e-05,5.017459990328369e-07
clarette_en,0,1,0,4,8.872280242758923e-05,0.0
ferbc86,0,7,0,21,8.872280242758923e-05,7.40052280552642e-07
felipes96782816,0,15,0,30,8.872280242758923e-05,0.0007250014572439008
fatmis44,0,2,0,3,8.872280242758923e-05,0.0
faustino15mend,0,3,0,4,8.872280242758923e-05,3.608844841766806e-07
fco9168,0,4,0,5,8.872280242758923e-05,0.000842268650829813
claudiapinettaa,0,2,0,3,8.872280242758923e-05,0.0
fcofiga,0,7,0,8,8.872280242758923e-05,1.841428536168856e-05
fdzoskar,0,12,0,13,8.872280242758923e-05,0.0001436962423259531
claudialuna1064,0,3,0,8,8.872280242758923e-05,3.116353145138407e-08
fedalsa,0,1,0,2,8.872280242758923e-05,0.0
federic92827027,0,4,0,5,8.872280242758923e-05,5.007425070347713e-07
felipe8pedroza,0,2,0,3,8.872280242758923e-05,0.0
claudia8885247,0,3,0,4,8.872280242758923e-05,0.0
feramonroy,0,1,0,2,8.872280242758923e-05,0.0
claudia41696638,0,4,0,7,8.872280242758923e-05,5.007425070347713e-07
claucastillo45,0,2,0,3,8.872280242758923e-05,2.1008451774138796e-05
felixdaniel6,0,2,0,3,8.872280242758923e-05,0.0
fenix10_54,0,7,0,15,8.872280242758923e-05,1.4576025499361241e-06
classic_amb,0,5,0,8,8.872280242758923e-05,3.707881783144491e-07
fer030801,0,7,0,10,8.872280242758923e-05,3.971004006968833e-05
fer108742428660,0,4,0,5,8.872280242758923e-05,4.504203858328911e-06
fer230350,0,3,0,4,8.872280242758923e-05,6.30362795809817e-06
fer_ch085,0,7,0,12,8.872280242758923e-05,9.285103318059836e-05
claroscuronews,0,2,0,2,8.872280242758923e-05,0.0
ciata_tunonrt,0,1,0,2,8.872280242758923e-05,0.0
churpioloco,0,2,0,3,8.872280242758923e-05,0.0
francis83284565,0,1,0,2,8.872280242758923e-05,0.0
chuksbarrientos,0,2,0,3,8.872280242758923e-05,4.5997876007495845e-05
chocjaime,0,4,0,5,8.872280242758923e-05,0.00042005878210276
chivi2901,0,2,0,3,8.872280242758923e-05,0.0001919017463058914
florealbarroso,0,1,0,2,8.872280242758923e-05,0.0
florecitawong,0,1,0,1,8.872280242758923e-05,0.0
florentino_rs95,0,3,0,4,8.872280242758923e-05,3.1948188986648417e-06
floresasturias,0,2,0,2,8.872280242758923e-05,2.358004811717977e-07
florespolo76g,0,6,0,12,8.872280242758923e-05,0.00020397466144040657
chiroyelil37424,0,2,0,3,8.872280242758923e-05,0.0
chinovelasquez,0,1,0,2,8.872280242758923e-05,0.0
chino16711,0,2,0,3,8.872280242758923e-05,5.743785488932711e-06
floustty,0,9,0,14,8.872280242758923e-05,0.00036527039566582265
chiltepe4,0,3,0,4,8.872280242758923e-05,1.4916858103933969e-06
floveni,0,1,0,2,8.872280242758923e-05,0.0
flute_leo_,0,4,0,5,8.872280242758923e-05,2.6346136272902453e-06
chilerazo,0,4,0,8,8.872280242758923e-05,0.0
chikistrickys,0,1,0,4,8.872280242758923e-05,0.0
chicote09768995,0,1,0,2,8.872280242758923e-05,0.0
chichiflixer,0,5,0,10,8.872280242758923e-05,4.6001547314818565e-06
fpe2101,0,2,0,3,8.872280242758923e-05,2.4978665601498483e-06
fpgabriel1,0,8,0,23,8.872280242758923e-05,3.1261517496455132e-06
fran5720os,0,6,0,15,8.872280242758923e-05,5.6407192232475505e-06
francis04188066,0,7,0,8,8.872280242758923e-05,2.1726595707277373e-06
francis51629833,0,2,0,3,8.872280242758923e-05,0.0
flordmorellana,0,11,0,12,8.872280242758923e-05,0.0005216268355772032
flordemariao,0,1,0,2,8.872280242758923e-05,0.0
florbellasoy,0,1,0,2,8.872280242758923e-05,0.0
chominapower,0,5,0,5,8.872280242758923e-05,3.5355806490549896e-05
christianoban18,0,1,0,2,8.872280242758923e-05,0.0
christianjjhs,0,9,0,10,8.872280242758923e-05,1.0808420834044111e-05
fersf92,0,2,0,3,8.872280242758923e-05,0.0
ff4lexis,0,2,0,3,8.872280242758923e-05,0.0
fhormigaperez,0,2,0,3,8.872280242758923e-05,0.0
chouscky,0,1,0,2,8.872280242758923e-05,0.0
fidelfunes2,0,3,0,4,8.872280242758923e-05,2.158761388075021e-05
chomoelias2,0,2,0,3,8.872280242758923e-05,0.0
fidelmacalajau,0,1,0,2,8.872280242758923e-05,0.0
figueroarlette,0,2,0,3,8.872280242758923e-05,0.0001919017463058914
fijatebiengt,0,3,0,4,8.872280242758923e-05,3.900313368159131e-06
flor010474,0,9,0,13,8.872280242758923e-05,4.563784679082032e-05
filosorex,0,4,0,5,8.872280242758923e-05,5.007425070347713e-07
finquerosgt,0,5,0,8,8.872280242758923e-05,0.00024195125931884213
fiona140816,0,2,0,3,8.872280242758923e-05,0.0
firmeactitud,0,1,0,2,8.872280242758923e-05,0.0
fitotato,0,5,0,6,8.872280242758923e-05,1.39062613226708e-05
fjorellanaa,0,2,0,3,8.872280242758923e-05,4.5253099761774e-06
fjquione,0,4,0,9,8.872280242758923e-05,0.00019633669715861382
choelias3,0,3,0,4,8.872280242758923e-05,8.266595367135882e-05
flinnryder31,0,1,0,2,8.872280242758923e-05,0.0
flixgar77736683,0,2,0,3,8.872280242758923e-05,1.469697745694649e-06
fash123gt,0,3,0,4,8.872280242758923e-05,2.3887305537775487e-05
fantasmaguate,0,4,0,5,8.872280242758923e-05,4.504203858328911e-06
claudiarod14rod,0,2,0,3,8.872280242758923e-05,0.0
fabycalderon11,0,1,0,1,8.872280242758923e-05,0.0
coperni00829097,0,25,0,41,8.872280242758923e-05,0.0009674364078628542
coolgear20,0,1,0,2,8.872280242758923e-05,0.0
contreras_tani,0,3,0,6,8.872280242758923e-05,2.5908825378231016e-05
conjimnez2,0,1,0,6,8.872280242758923e-05,0.0
estebanyac,0,4,0,5,8.872280242758923e-05,4.504203858328911e-06
estefanny95292,0,2,0,3,8.872280242758923e-05,0.0
estefmlove,0,4,0,6,8.872280242758923e-05,6.172408832642624e-06
estelar21362549,0,30,0,65,8.872280242758923e-05,0.001321646991994621
coniglio0018,0,3,0,6,8.872280242758923e-05,1.9121512122279156e-05
conejo_12toledo,0,8,0,9,8.872280242758923e-05,8.954362596578549e-06
comunicalod,0,3,0,4,8.872280242758923e-05,0.0
comocuynocuento,0,2,0,3,8.872280242758923e-05,0.0
coma_jose,0,3,0,9,8.872280242758923e-05,0.0
coloma_jorge,0,2,0,3,8.872280242758923e-05,2.1746869403102917e-05
colochodelacruz,0,2,0,3,8.872280242758923e-05,0.0
estella_fu6075,0,1,0,2,8.872280242758923e-05,0.0
estesinoesta,0,1,0,2,8.872280242758923e-05,0.0
estevezc10,0,2,0,3,8.872280242758923e-05,9.835832399737235e-07
esthermironm,0,3,0,4,8.872280242758923e-05,0.0
estr64984,0,4,0,5,8.872280242758923e-05,4.504203858328911e-06
estrada_alena,0,13,0,16,8.872280242758923e-05,1.994692337374722e-05
estu_madridista,0,2,0,3,8.872280242758923e-05,0.0
estuard06079185,0,6,0,15,8.872280242758923e-05,4.296173907934973e-06
copresamoficial,0,1,0,1,8.872280242758923e-05,0.0
cor77erik,0,3,0,4,8.872280242758923e-05,3.0713275872136816e-05
corcesa,0,1,0,2,8.872280242758923e-05,0.0
corleone_62,0,29,0,54,8.872280242758923e-05,0.0002017893629354049
crisguerra,0,2,0,3,8.872280242758923e-05,0.0
erwinhe95587575,0,1,0,2,8.872280242758923e-05,0.0
erwinmonterros1,0,4,0,12,8.872280242758923e-05,2.62109636299266e-06
erwinrobles2,0,23,0,43,8.872280242758923e-05,0.0015469245413465972
cremastot2,0,1,0,2,8.872280242758923e-05,0.0
crazybearj,0,7,0,8,8.872280242758923e-05,2.1726595707277373e-06
cozetyg,0,8,0,17,8.872280242758923e-05,0.00016332064360960124
coyotechapin,0,7,0,10,8.872280242758923e-05,7.0841602805648894e-06
corvaxcorvax,0,2,0,3,8.872280242758923e-05,0.0
cortizj_,0,2,0,3,8.872280242758923e-05,0.0
erwintaracena,0,7,0,14,8.872280242758923e-05,7.91205850760779e-07
essstuardo,0,3,0,4,8.872280242758923e-05,0.0
erwtech,0,5,0,6,8.872280242758923e-05,5.569740033791145e-06
esamayoa73,0,1,0,2,8.872280242758923e-05,0.0
escobedosonia,0,1,0,4,8.872280242758923e-05,0.0
esemancogt,0,5,0,6,8.872280242758923e-05,4.504203858328911e-06
esequielmo90988,0,6,0,16,8.872280242758923e-05,5.780468607979522e-06
esilvar2,0,8,0,12,8.872280242758923e-05,1.1897344373594961e-05
esli_mijangos,0,2,0,3,8.872280242758923e-05,6.7829232343543e-05
esnaoro1,0,1,0,2,8.872280242758923e-05,0.0
esreyes76,0,4,0,5,8.872280242758923e-05,4.504203858328911e-06
essanto777,0,2,0,3,8.872280242758923e-05,7.06813395240915e-06
colocha_007,0,1,0,2,8.872280242758923e-05,0.0
coloccini09,0,2,0,3,8.872280242758923e-05,0.0
estuard47073307,0,4,0,5,8.872280242758923e-05,8.065171761690978e-07
f24173affa12472,0,1,0,2,8.872280242758923e-05,0.0
cocotilo2,0,7,0,8,8.872280242758923e-05,3.030012912818849e-05
eximioguatemala,0,3,0,8,8.872280242758923e-05,0.000168165465996488
expedition600,0,1,0,2,8.872280242758923e-05,0.0
coca_moraless,0,3,0,4,8.872280242758923e-05,3.2634748797143027e-07
coca72101180,0,1,0,2,8.872280242758923e-05,0.0
cmzgt,0,4,0,5,8.872280242758923e-05,1.0240418081035673e-05
cmlcgt,0,5,0,10,8.872280242758923e-05,1.3428029726474794e-05
extuiterogt,0,7,0,12,8.872280242758923e-05,0.0002144467958835697
clsosita,0,3,0,4,8.872280242758923e-05,5.863731533586024e-05
climaya,0,5,0,6,8.872280242758923e-05,9.18041005153443e-05
f36eb2940df3463,0,2,0,3,8.872280242758923e-05,0.0
ewinn_hernandez,0,2,0,3,8.872280242758923e-05,0.0
f3rlu_93,0,3,0,4,8.872280242758923e-05,2.3544829342586608e-06
cleal860,0,2,0,3,8.872280242758923e-05,1.3169559856162424e-05
f_enriquez85,0,10,0,11,8.872280242758923e-05,1.0808486249743626e-05
claus_zu,0,3,0,4,8.872280242758923e-05,5.852736237636312e-08
clauditanoriega,0,2,0,3,8.872280242758923e-05,0.0
claudiayan8074,0,16,0,69,8.872280242758923e-05,0.0007776663571234918
fabianv35825370,0,7,0,8,8.872280242758923e-05,6.691070263357495e-05
fabiolaara17914,0,4,0,13,8.872280242758923e-05,8.065171761690978e-07
faborahona86,0,1,0,2,8.872280242758923e-05,0.0
fabrici58699638,0,1,0,2,8.872280242758923e-05,0.0
codigo1990,0,4,0,5,8.872280242758923e-05,5.007425070347713e-07
cohen13henry,0,26,0,38,8.872280242758923e-05,0.0007522999799523554
col8_1,0,3,0,4,8.872280242758923e-05,3.6016271520832724e-07
etanchez1974,0,2,0,3,8.872280242758923e-05,0.0
cokearchila,0,1,0,2,8.872280242758923e-05,0.0
estuardogudiel6,0,3,0,4,8.872280242758923e-05,1.5700996311727586e-05
cokadavila,0,1,0,2,8.872280242758923e-05,0.0
estuardooliva8,0,3,0,6,8.872280242758923e-05,2.8201060127499913e-05
estuardosanch17,0,3,0,4,8.872280242758923e-05,3.608844841766806e-07
coka_fig,0,11,0,12,8.872280242758923e-05,3.1781363512018005e-05
estuardoya97497,0,2,0,3,8.872280242758923e-05,0.0
estuilozano69,0,8,0,18,8.872280242758923e-05,5.5238177710474715e-05
esvingonzlez10,0,1,0,2,8.872280242758923e-05,0.0
esvinrosal94211,0,4,0,5,8.872280242758923e-05,2.6398934141184825e-06
etelargueta,0,2,0,3,8.872280242758923e-05,3.229840896450136e-06
evs2020,0,4,0,7,8.872280242758923e-05,0.00019222219906957103
eugeniagalvez13,0,5,0,7,8.872280242758923e-05,1.07039641398457e-06
eumaple,0,8,0,9,8.872280242758923e-05,1.0589048977045511e-05
evasqueze,0,2,0,3,8.872280242758923e-05,0.0
evelincitay,0,13,0,16,8.872280242758923e-05,0.0005103416853745677
evelync47357166,0,5,0,8,8.872280242758923e-05,0.00011317877048398773
cojulunsonia,0,4,0,8,8.872280242758923e-05,3.011519468055809e-05
cojulun_ju66554,0,4,0,5,8.872280242758923e-05,5.017459990328369e-07
cohuoj_elena,0,2,0,3,8.872280242758923e-05,0.0
everpeco13,0,5,0,6,8.872280242758923e-05,5.007425070347713e-07
evils2rd2,0,2,0,3,8.872280242758923e-05,0.0
francis52987990,0,4,0,9,8.872280242758923e-05,7.499329642687135e-06
francis_hieza88,0,3,0,4,8.872280242758923e-05,0.00013517092839210253
erwin_fern58667,0,4,0,13,8.872280242758923e-05,5.164628655618078e-07
gilbertc72,0,5,0,6,8.872280242758923e-05,4.851315372993768e-06
gerechtigkeit74,0,2,0,3,8.872280242758923e-05,0.0
gerestflo,0,4,0,5,8.872280242758923e-05,5.007425070347713e-07
german2209,0,2,0,3,8.872280242758923e-05,0.0
german49572585,0,5,0,8,8.872280242758923e-05,2.457469202591557e-05
germanrodz1,0,4,0,5,8.872280242758923e-05,5.9140621393580315e-05
chamusquinhogt,0,2,0,3,8.872280242758923e-05,0.0
gerrarca,0,4,0,5,8.872280242758923e-05,5.017459990328369e-07
gerrardesco,0,1,0,2,8.872280242758923e-05,0.0
gersondavid502,0,5,0,6,8.872280242758923e-05,0.00020393210073122603
champis11,0,3,0,6,8.872280242758923e-05,0.00020370782476631746
chaconraulitoau,0,4,0,8,8.872280242758923e-05,0.0
gersonmh90,0,1,0,2,8.872280242758923e-05,0.0
gersonnavas,0,2,0,5,8.872280242758923e-05,0.0
gersonquezadaa,0,6,0,7,8.872280242758923e-05,1.2131819103001957e-05
gerzon13,0,2,0,5,8.872280242758923e-05,1.4128689918798423e-06
gerzon2011,0,1,0,2,8.872280242758923e-05,0.0
geyselmatu28019,0,11,0,12,8.872280242758923e-05,0.000566570924894983
chaclanoscar,0,3,0,4,8.872280242758923e-05,4.150116702070848e-05
giancagt,0,5,0,5,8.872280242758923e-05,4.046541976807407e-05
giancarlopgt,0,4,0,5,8.872280242758923e-05,1.0240418081035673e-05
giarriaza,0,2,0,3,8.872280242758923e-05,0.0
ch1967jairo,0,3,0,6,8.872280242758923e-05,4.5692951996929804e-05
cguate2020,0,9,0,14,8.872280242758923e-05,6.83045972404365e-06
gerbo_ca,0,1,0,2,8.872280242758923e-05,0.0
chancholoono17,0,3,0,3,8.872280242758923e-05,7.928853796168273e-07
chapina_en,0,4,0,8,8.872280242758923e-05,7.03496707685737e-05
georgecamposb,0,11,0,25,8.872280242758923e-05,0.0009933986514977118
ge0black,0,13,0,14,8.872280242758923e-05,6.0119323895181825e-05
ge_escalante74,0,3,0,8,8.872280242758923e-05,3.2634748797143027e-07
gecali3,0,2,0,3,8.872280242758923e-05,0.00019026178856032687
chapindecorazon,0,8,0,9,8.872280242758923e-05,0.0030050198074801633
gemonzon,0,2,0,3,8.872280242758923e-05,1.2241285674328325e-05
genaroc04140825,0,2,0,3,8.872280242758923e-05,0.0
geneaguate,0,2,0,3,8.872280242758923e-05,2.27051029719818e-05
geniocompu2,0,5,0,8,8.872280242758923e-05,9.864558221969728e-06
geoneogt,0,2,0,3,8.872280242758923e-05,0.0
chapindecorazo2,0,4,0,5,8.872280242758923e-05,5.007425070347713e-07
chapinboj,0,1,0,2,8.872280242758923e-05,0.0
chapinamerican0,0,5,0,11,8.872280242758923e-05,0.0023941249379268656
georgedoradea,0,3,0,4,8.872280242758923e-05,1.0661208128105076e-08
georgeluise,0,4,0,5,8.872280242758923e-05,4.513230318966845e-06
georgeonyt,0,8,0,9,8.872280242758923e-05,1.0589048977045511e-05
geovamnys,0,4,0,5,8.872280242758923e-05,7.224380436397723e-05
geovanisamayoaa,0,2,0,3,8.872280242758923e-05,0.0
chapinasve47279,0,7,0,8,8.872280242758923e-05,2.1726595707277373e-06
geovapaz2,0,1,0,4,8.872280242758923e-05,0.0
ger0930,0,4,0,7,8.872280242758923e-05,1.4445268090215339e-05
gerardo20292641,0,3,0,4,8.872280242758923e-05,6.39672487686306e-05
gerardogsza,0,3,0,7,8.872280242758923e-05,0.0
gil2ando,0,3,0,6,8.872280242758923e-05,0.0
gildamaritza,0,8,0,13,8.872280242758923e-05,8.369827634131479e-07
francisco37270,0,4,0,5,8.872280242758923e-05,4.504203858328911e-06
gilrey422483,0,28,0,84,8.872280242758923e-05,0.0007542069295394714
cesaramarroquin,0,8,0,30,8.872280242758923e-05,5.983190942088683e-07
cesar012015,0,12,0,15,8.872280242758923e-05,1.7935613367535823e-05
ces_j_,0,4,0,5,8.872280242758923e-05,8.065171761690978e-07
cerezopompeyo,0,2,0,3,8.872280242758923e-05,6.292291755570819e-06
globaljogar1,0,6,0,9,8.872280242758923e-05,5.726833549186948e-05
cerberusedgar,0,2,0,3,8.872280242758923e-05,0.0
globalprintp,0,2,0,3,8.872280242758923e-05,0.0
gloria032014,0,1,0,2,8.872280242758923e-05,0.0
gloriaanneliess,0,4,0,14,8.872280242758923e-05,0.0001991652754674068
centranewsgt,0,4,0,7,8.872280242758923e-05,3.8977271931255965e-07
celsozapeta,0,5,0,6,8.872280242758923e-05,1.8163594406587155e-05
celsanti23,0,9,0,28,8.872280242758923e-05,1.0589048977045511e-05
glucas12345,0,6,0,9,8.872280242758923e-05,1.0757999922709757e-05
gm70x,0,4,0,5,8.872280242758923e-05,4.504203858328911e-06
gmaster41873852,0,3,0,4,8.872280242758923e-05,0.0
gmawyner,0,1,0,2,8.872280242758923e-05,0.0
godinez_ivonee,0,4,0,5,8.872280242758923e-05,5.007425070347713e-07
godofeafc,0,2,0,3,8.872280242758923e-05,4.53437873364469e-06
gontinez,0,7,0,12,8.872280242758923e-05,1.7257229126539293e-05
gonzalezlesbia,0,3,0,6,8.872280242758923e-05,3.6825002256495313e-06
gonzalezogm,0,4,0,7,8.872280242758923e-05,1.3315036395939141e-05
gonzalocepeda64,0,2,0,3,8.872280242758923e-05,0.0
gonzalocompari1,0,13,0,14,8.872280242758923e-05,0.00012851509441506374
cesarcobaquil,0,3,0,4,8.872280242758923e-05,3.6016271520832724e-07
glendamottoc,0,3,0,5,8.872280242758923e-05,1.8302950154550083e-05
gladys26483741,0,1,0,4,8.872280242758923e-05,0.0
giovann45497851,0,4,0,5,8.872280242758923e-05,0.0
cfmr85,0,1,0,2,8.872280242758923e-05,0.0
cf422814711341,0,2,0,3,8.872280242758923e-05,0.0
cevelyng,0,1,0,2,8.872280242758923e-05,0.0
cestam08,0,1,0,2,8.872280242758923e-05,0.0
ceslandias,0,8,0,18,8.872280242758923e-05,3.0641020142567254e-05
cesi_soc,0,1,0,2,8.872280242758923e-05,0.0
ginlomx,0,4,0,5,8.872280242758923e-05,0.00029786619737918373
gio_mar1610,0,6,0,6,8.872280242758923e-05,0.00023003707549259307
gioes70,0,2,0,3,8.872280242758923e-05,4.508693934090054e-06
giovanicuellar7,0,1,0,2,8.872280242758923e-05,0.0
giovannideleo19,0,2,0,3,8.872280242758923e-05,9.812907685302587e-07
giulio_vicenzo,0,3,0,4,8.872280242758923e-05,3.178467178458271e-05
giovanniorel,0,2,0,3,8.872280242758923e-05,1.2215606664249275e-05
giovannir15555,0,7,0,8,8.872280242758923e-05,1.503827226311864e-05
giovanottigt,0,43,0,92,8.872280242758923e-05,0.002348095765440189
cesartajin10,0,11,0,13,8.872280242758923e-05,5.956207949492614e-05
cesarqu31421171,0,11,0,16,8.872280242758923e-05,0.000597638909066897
cesarm01j,0,5,0,6,8.872280242758923e-05,4.499087971040433e-06
cesarinmolina,0,2,0,3,8.872280242758923e-05,1.936578484764847e-06
cesargallego13,0,2,0,3,8.872280242758923e-05,0.0
giovarodrig78,0,2,0,3,8.872280242758923e-05,0.0
gironemilse,0,1,0,2,8.872280242758923e-05,0.0
gcarlosii,0,1,0,2,8.872280242758923e-05,0.0
gc_502,0,2,0,5,8.872280242758923e-05,0.0
gbau70,0,1,0,2,8.872280242758923e-05,0.0
gavilan_gt,0,1,0,2,8.872280242758923e-05,0.0
chesaregram,0,1,0,2,8.872280242758923e-05,0.0
freelif36854702,0,6,0,9,8.872280242758923e-05,0.00016567397561245077
fremovixi76,0,2,0,3,8.872280242758923e-05,0.0
fresa2222,0,5,0,8,8.872280242758923e-05,1.07039641398457e-06
frescosuchiles,0,1,0,1,8.872280242758923e-05,0.0
fresita20200,0,5,0,8,8.872280242758923e-05,7.180416429262294e-06
chepiomonroy,0,4,0,5,8.872280242758923e-05,4.504203858328911e-06
chepequetzal,0,1,0,2,8.872280242758923e-05,0.0
friibergt,0,2,0,3,8.872280242758923e-05,0.0
frjuheal,0,23,0,24,8.872280242758923e-05,0.005143905862794428
chepenochinga,0,2,0,3,8.872280242758923e-05,0.0
chepemama,0,3,0,8,8.872280242758923e-05,3.2246504713285186e-05
chelo159,0,3,0,4,8.872280242758923e-05,3.6381259190187788e-06
chejova83,0,3,0,4,8.872280242758923e-05,2.6924147608142514e-05
chejopolanc,0,7,0,16,8.872280242758923e-05,0.00039775767455375204
chejog3,0,5,0,6,8.872280242758923e-05,4.504203858328911e-06
chejo891120,0,4,0,5,8.872280242758923e-05,4.504203858328911e-06
chejo3941,0,1,0,2,8.872280242758923e-05,0.0
chefy_ruano,0,4,0,5,8.872280242758923e-05,1.0260939960957588e-05
chefcitaaaaaa__,0,1,0,2,8.872280242758923e-05,0.0
chechapaiz,0,4,0,5,8.872280242758923e-05,1.5291903059599907e-06
chechaesc,0,4,0,5,8.872280242758923e-05,1.5291903059599907e-06
checastillo38,0,14,0,15,8.872280242758923e-05,0.00012273345338983623
freefigth,0,4,0,7,8.872280242758923e-05,3.1884292608675118e-06
freedomofguate,0,2,0,3,8.872280242758923e-05,0.0
fredypazos23,0,1,0,2,8.872280242758923e-05,0.0
franmandr,0,2,0,3,8.872280242758923e-05,0.0021872961043945477
chicasramirezr,0,8,0,13,8.872280242758923e-05,6.520064058312756e-06
franciscoxutuc,0,1,0,1,8.872280242758923e-05,0.0
francisko2323,0,12,0,19,8.872280242758923e-05,0.0005286457678480174
chevez_homero,0,1,0,2,8.872280242758923e-05,0.0
chevalblanc64,0,2,0,5,8.872280242758923e-05,0.0
francowilton,0,4,0,5,8.872280242758923e-05,8.065171761690978e-07
frank0254180194,0,6,0,7,8.872280242758923e-05,8.811997704221862e-06
chester0204,0,4,0,4,8.872280242758923e-05,4.863880664023146e-06
frank2021r,0,2,0,3,8.872280242758923e-05,0.0
frankli49578232,0,7,0,10,8.872280242758923e-05,2.5664651768429738e-05
chesswizz,0,1,0,2,8.872280242758923e-05,0.0
fredydjimenezg,0,2,0,3,8.872280242758923e-05,0.0
fraukefranz,0,3,0,6,8.872280242758923e-05,1.8784104076837405e-06
fred_ordon13632,0,2,0,3,8.872280242758923e-05,0.0
freddmonte,0,5,0,8,8.872280242758923e-05,1.7897222979557415e-06
freddy_lucero,0,2,0,3,8.872280242758923e-05,1.1760110192903018e-06
freddyantgarcia,0,2,0,3,8.872280242758923e-05,0.0
freddyrodasmixc,0,3,0,4,8.872280242758923e-05,0.0
fredinho2311,0,1,0,1,8.872280242758923e-05,0.0
fredy_8973,0,2,0,3,8.872280242758923e-05,0.0
fredycalderon23,0,1,0,2,8.872280242758923e-05,0.0
fredycarrera10,0,3,0,6,8.872280242758923e-05,2.4401636932368413e-06
chavez_citalan,0,2,0,3,8.872280242758923e-05,0.0
chatamendez,0,3,0,4,8.872280242758923e-05,0.0
frozen72078740,0,4,0,7,8.872280242758923e-05,3.7605257827829436e-05
garcia719garcia,0,9,0,10,8.872280242758923e-05,0.00011599713601136514
galiciajulio,0,4,0,4,8.872280242758923e-05,5.801328474473115e-06
galindo_sa99840,0,8,0,14,8.872280242758923e-05,3.4777370388351847e-06
gamaliel_matheu,0,11,0,29,8.872280242758923e-05,5.5329094660030545e-05
gamarro10,0,3,0,6,8.872280242758923e-05,0.0
gamendelva,0,2,0,6,8.872280242758923e-05,3.850567779051865e-06
gamers502,0,3,0,8,8.872280242758923e-05,0.0022028102275157197
charlesmc_gt,0,6,0,7,8.872280242758923e-05,0.0001967530616788853
ganddini_sofia,0,3,0,4,8.872280242758923e-05,0.0
gandhi_gomez,0,8,0,9,8.872280242758923e-05,8.954362596578549e-06
chargoits,0,4,0,10,8.872280242758923e-05,5.017459990328369e-07
garcia_buf85342,0,7,0,15,8.872280242758923e-05,0.0001631703602760894
gahc1984,0,2,0,3,8.872280242758923e-05,0.0
chappin777,0,2,0,6,8.872280242758923e-05,0.0
garciwaldemar,0,2,0,3,8.872280242758923e-05,8.526767680577804e-06
garne87,0,2,0,3,8.872280242758923e-05,0.0
garzaroscott,0,1,0,2,8.872280242758923e-05,0.0
gatina777,0,7,0,9,8.872280242758923e-05,0.0002060184926414768
gationavas,0,5,0,6,8.872280242758923e-05,4.504203858328911e-06
gatitakcrs,0,1,0,1,8.872280242758923e-05,0.0
gato831,0,2,0,3,8.872280242758923e-05,2.27051029719818e-05
gatubel23137045,0,2,0,3,8.872280242758923e-05,0.0
gaudp,0,3,0,6,8.872280242758923e-05,2.9523345585521755e-08
galaxia_co58547,0,4,0,5,8.872280242758923e-05,5.924877770916472e-06
charliealfonso3,0,2,0,3,8.872280242758923e-05,1.2937505096512455e-05
ftock,0,4,0,5,8.872280242758923e-05,5.007425070347713e-07
gabbysq,0,1,0,1,8.872280242758923e-05,0.0
fullgallogt,0,9,0,12,8.872280242758923e-05,1.0143609022431323e-05
funkypashmonky,0,4,0,5,8.872280242758923e-05,2.6346136272902453e-06
futbolfanaticog,0,6,0,12,8.872280242758923e-05,7.561745278740071e-06
charlyvazz,0,2,0,3,8.872280242758923e-05,0.0
fvalenzuela87,0,6,0,9,8.872280242758923e-05,8.580205818359278e-07
charliefb6,0,5,0,6,8.872280242758923e-05,4.513230318966845e-06
g3bo,0,1,0,4,8.872280242758923e-05,0.0
g_frgmontt,0,2,0,3,8.872280242758923e-05,1.1600784601202275e-05
g_mollinedo,0,2,0,3,8.872280242758923e-05,5.509183416244529e-06
g_ninnetth,0,3,0,5,8.872280242758923e-05,2.743689693999427e-07
gabedelgadoa,0,2,0,3,8.872280242758923e-05,0.0
gagarcias3371,0,6,0,15,8.872280242758923e-05,0.00019411622001489574
gaboj,0,1,0,2,8.872280242758923e-05,0.0
gabomartinez8qr,0,3,0,4,8.872280242758923e-05,0.0
gabriel14356230,0,4,0,7,8.872280242758923e-05,2.6346136272902453e-06
gabriel26688944,0,1,0,4,8.872280242758923e-05,0.0
gabrielague,0,1,0,2,8.872280242758923e-05,0.0
gabrielamarroq1,0,2,0,3,8.872280242758923e-05,0.0
gabriovas,0,2,0,3,8.872280242758923e-05,0.0
gabzm03,0,3,0,6,8.872280242758923e-05,5.069827357669955e-06
gac_78,0,2,0,3,8.872280242758923e-05,2.260273942618057e-06
gacastan,0,6,0,7,8.872280242758923e-05,1.3777053852168656e-05
crisitian7,0,3,0,4,8.872280242758923e-05,0.0
crisstitat,0,2,0,3,8.872280242758923e-05,0.0
celineyujo1,0,11,0,12,8.872280242758923e-05,1.5811264054199494e-05
edwinsantacru19,0,2,0,3,8.872280242758923e-05,0.0
edumonalf,0,2,0,2,8.872280242758923e-05,1.936578484764847e-06
eduuflores17,0,4,0,9,8.872280242758923e-05,5.007425070347713e-07
edvin111956,0,18,0,32,8.872280242758923e-05,0.00010183382005427843
edvinpaiz,0,2,0,3,8.872280242758923e-05,0.0
diaz_sergi89632,0,3,0,4,8.872280242758923e-05,0.0
diaz_majuma4,0,2,0,6,8.872280242758923e-05,0.0
diana_dl20,0,2,0,2,8.872280242758923e-05,0.0
dgm10629,0,11,0,14,8.872280242758923e-05,6.123213141446395e-05
df_romero,0,6,0,9,8.872280242758923e-05,1.5782356683680393e-05
df_gbb,0,2,0,5,8.872280242758923e-05,0.0021872961043945477
detejedam,0,4,0,9,8.872280242758923e-05,2.731051976120986e-05
despiertosgt,0,1,0,2,8.872280242758923e-05,0.0
derech0so,0,9,0,19,8.872280242758923e-05,1.6671457395301783e-05
derbestehugo,0,6,0,9,8.872280242758923e-05,9.352748258169562e-07
deporterf2022,0,3,0,4,8.872280242758923e-05,2.2498948417764125e-06
edwardadam63,0,3,0,4,8.872280242758923e-05,0.0021872961043945443
deparodriguez,0,1,0,2,8.872280242758923e-05,0.0
edwincko,0,6,0,9,8.872280242758923e-05,6.97296051670288e-06
edwinfolgar1,0,5,0,11,8.872280242758923e-05,2.733472102659948e-06
edwinma61769471,0,14,0,32,8.872280242758923e-05,0.00021604517558587507
denysorozco,0,5,0,6,8.872280242758923e-05,4.504203858328911e-06
edwinquetzalito,0,2,0,3,8.872280242758923e-05,0.0
edwinquiran502,0,2,0,6,8.872280242758923e-05,2.584767022545408e-05
eduarro2016,0,6,0,7,8.872280242758923e-05,1.3024354633590822e-05
eduardopearl,0,4,0,5,8.872280242758923e-05,4.504203858328911e-06
eduardo5554429,0,4,0,11,8.872280242758923e-05,6.434352670256359e-08
edinalbertoa,0,6,0,12,8.872280242758923e-05,5.538987826155365e-06
edgaralejandroe,0,2,0,3,8.872280242758923e-05,0.0
edgarcoradoh,0,4,0,5,8.872280242758923e-05,5.007425070347713e-07
edgarfebarriosf,0,2,0,3,8.872280242758923e-05,0.0
edgarferna62973,0,1,0,2,8.872280242758923e-05,0.0
edgaritar,0,3,0,4,8.872280242758923e-05,6.80692821000689e-05
dicledafar,0,2,0,3,8.872280242758923e-05,0.0001919017463058914
dickbeauchig,0,5,0,6,8.872280242758923e-05,4.513230318966845e-06
edgarju70173542,0,4,0,9,8.872280242758923e-05,7.079042197061771e-07
edgarorellanal,0,2,0,2,8.872280242758923e-05,0.0
edgarov8,0,3,0,6,8.872280242758923e-05,8.123174454572903e-05
edixong40550140,0,2,0,3,8.872280242758923e-05,0.0
eduardo25744843,0,3,0,6,8.872280242758923e-05,1.4762113995765784e-05
edperezgt,0,2,0,3,8.872280242758923e-05,8.939838091488798e-07
edpperez,0,6,0,9,8.872280242758923e-05,0.0004078764234229769
diblillos,0,8,0,14,8.872280242758923e-05,0.00037409402671136863
diazlanke13,0,3,0,6,8.872280242758923e-05,0.0
edsa2024,0,1,0,2,8.872280242758923e-05,0.0
edsonarioni,0,2,0,7,8.872280242758923e-05,8.204565701279039e-07
edu_am,0,7,0,10,8.872280242758923e-05,1.3105006838114114e-05
eduardmarried,0,6,0,17,8.872280242758923e-05,4.542279601643572e-06
eduardo16579,0,2,0,5,8.872280242758923e-05,0.0
eduardo18748635,0,6,0,13,8.872280242758923e-05,2.433125709807532e-06
dennisskate1,0,3,0,5,8.872280242758923e-05,0.0001469779359556711
edwinva66334314,0,1,0,2,8.872280242758923e-05,0.0
elebon201,0,9,0,10,8.872280242758923e-05,0.00011599713601136514
edwinvfuentes,0,3,0,8,8.872280242758923e-05,7.89747381376235e-08
deliogabbie,0,5,0,8,8.872280242758923e-05,1.589123557064477e-06
el_profesor_r,0,4,0,5,8.872280242758923e-05,4.504203858328911e-06
el_sabioalex,0,4,0,10,8.872280242758923e-05,5.007425070347713e-07
deleon_sj,0,5,0,8,8.872280242758923e-05,1.242841735610126e-05
elabandonado98,0,2,0,3,8.872280242758923e-05,0.0001919017463058914
delaguila21,0,3,0,6,8.872280242758923e-05,5.849818745616097e-08
deboraarchila,0,7,0,8,8.872280242758923e-05,2.1726595707277373e-06
elantichristos,0,1,0,2,8.872280242758923e-05,0.0
elbatishute,0,8,0,17,8.872280242758923e-05,2.8930085849451086e-05
elbetorivers,0,6,0,9,8.872280242758923e-05,5.938637617969906e-07
elbuenchapin_gt,0,1,0,2,8.872280242758923e-05,0.0
elcabra3232,0,2,0,3,8.872280242758923e-05,0.0021872961043945434
dead_verine,0,3,0,4,8.872280242758923e-05,1.2793449753726092e-07
elcancheoficial,0,2,0,3,8.872280242758923e-05,0.0
elcarrillo_16,0,1,0,2,8.872280242758923e-05,0.0
elchatosantos,0,4,0,5,8.872280242758923e-05,1.5291903059599907e-06
elcidrudy,0,2,0,2,8.872280242758923e-05,4.068018311569101e-06
elcosebautista,0,1,0,2,8.872280242758923e-05,0.0
elcovidianogt,0,5,0,6,8.872280242758923e-05,4.251896643254951e-06
elcriskristian,0,2,0,3,8.872280242758923e-05,3.538329347136219e-05
de_villacorta,0,7,0,10,8.872280242758923e-05,5.540311895234146e-06
elcrissalex,0,2,0,3,8.872280242758923e-05,0.0
elder1725,0,2,0,5,8.872280242758923e-05,8.204565701279039e-07
deliseov,0,12,0,17,8.872280242758923e-05,0.00022050213554001045
el_patatush,0,1,0,2,8.872280242758923e-05,0.0
el_incomodo88,0,6,0,12,8.872280242758923e-05,4.551382366376325e-06
efonseca2841,0,2,0,6,8.872280242758923e-05,0.0021872961043945477
dennis96658004,0,1,0,4,8.872280242758923e-05,0.0
denismo73749471,0,4,0,5,8.872280242758923e-05,5.007425070347713e-07
denise1709,0,6,0,14,8.872280242758923e-05,0.00012463918134730155
eeldag,0,1,0,2,8.872280242758923e-05,0.0
eeliezer1985,0,7,0,13,8.872280242758923e-05,3.950659346530781e-05
eeml9102,0,4,0,9,8.872280242758923e-05,2.033980916196019e-07
eescobarescobar,0,2,0,3,8.872280242758923e-05,8.005034819105416e-05
denilson_vela_,0,2,0,3,8.872280242758923e-05,0.0
ef75lopez,0,3,0,4,8.872280242758923e-05,1.9673469420217334e-05
efacedwin,0,10,0,18,8.872280242758923e-05,1.0808486249743626e-05
demolutionm,0,2,0,3,8.872280242758923e-05,0.0
el_don_ardillo,0,2,0,5,8.872280242758923e-05,0.0
efrenesandoval1,0,1,0,2,8.872280242758923e-05,0.0
delosgonzalez1,0,5,0,10,8.872280242758923e-05,8.229396922046631e-06
egacano1,0,4,0,5,8.872280242758923e-05,5.007425070347713e-07
eguzmanmorales,0,7,0,22,8.872280242758923e-05,8.547511301715583e-07
dell_mau,0,2,0,5,8.872280242758923e-05,0.0
ekribe_keribe,0,4,0,5,8.872280242758923e-05,8.065171761690978e-07
el_502gt,0,1,0,2,8.872280242758923e-05,0.0
el_chapusero,0,3,0,4,8.872280242758923e-05,1.6648650305197264e-07
el_chimador1982,0,2,0,3,8.872280242758923e-05,0.0
el_dark_knight,0,1,0,1,8.872280242758923e-05,0.0
edgarajcip,0,2,0,3,8.872280242758923e-05,0.0
edgaraarreaza,0,2,0,3,8.872280242758923e-05,9.693897281461295e-05
edgar_gudiel88,0,3,0,4,8.872280242758923e-05,2.3767876256292935e-06
edgar59974302,0,8,0,15,8.872280242758923e-05,1.997972493008735e-06
dorisherdez,0,1,0,2,8.872280242758923e-05,0.0
dosisincompleta,0,6,0,9,8.872280242758923e-05,5.499727809821389e-06
douglasandus,0,1,0,2,8.872280242758923e-05,0.0
dpeluchenet,0,3,0,6,8.872280242758923e-05,1.9883859558354966e-06
dr_frankesteln,0,4,0,9,8.872280242758923e-05,1.4451216987757086e-08
dr_strater_,0,1,0,1,8.872280242758923e-05,0.0
dr_yuri_melini,0,2,0,3,8.872280242758923e-05,0.0
dracul1964,0,4,0,5,8.872280242758923e-05,3.2634748797143027e-07
dragongt2022,0,4,0,9,8.872280242758923e-05,0.0
discipulo13,0,5,0,10,8.872280242758923e-05,5.164514085293385e-07
drferdiaz,0,1,0,2,8.872280242758923e-05,0.0
drgato709,0,2,0,3,8.872280242758923e-05,0.0
drjcvilleda,0,7,0,10,8.872280242758923e-05,5.199251313875585e-06
drom__,0,1,0,1,8.872280242758923e-05,0.0
drsagas,0,1,0,2,8.872280242758923e-05,0.0
dsepet,0,2,0,3,8.872280242758923e-05,0.0
dtizper,0,10,0,11,8.872280242758923e-05,1.0808486249743626e-05
duaarmira,0,2,0,3,8.872280242758923e-05,3.8056024008722795e-05
duckg502,0,2,0,3,8.872280242758923e-05,0.0
duexnu,0,7,0,10,8.872280242758923e-05,2.955321270231215e-06
dipparlacengt,0,7,0,8,8.872280242758923e-05,0.00014332656464845542
dulkelheit,0,9,0,19,8.872280242758923e-05,9.488775607455965e-05
diogo_s13,0,3,0,4,8.872280242758923e-05,1.563699727984436e-05
dorianrod_maz,0,4,0,5,8.872280242758923e-05,5.007425070347713e-07
dorazul1,0,1,0,2,8.872280242758923e-05,0.0
ditoalexander20,0,1,0,2,8.872280242758923e-05,0.0
divergente6996,0,3,0,4,8.872280242758923e-05,3.6016271520832724e-07
doctor_stewie,0,1,0,2,8.872280242758923e-05,0.0
doctordelagua,0,2,0,2,8.872280242758923e-05,4.1452800144558055e-05
dlissettepa,0,1,0,2,8.872280242758923e-05,0.0
dolilogt,0,2,0,6,8.872280242758923e-05,1.469697745694649e-06
doloresflo23,0,19,0,53,8.872280242758923e-05,0.000999621941910063
djossdescontrol,0,2,0,3,8.872280242758923e-05,0.0
domingo2325943,0,6,0,19,8.872280242758923e-05,5.802895153831238e-07
domingo87213201,0,2,0,3,8.872280242758923e-05,0.0
don_quijote_502,0,4,0,7,8.872280242758923e-05,4.504203858328911e-06
dj_urizar_7,0,8,0,10,8.872280242758923e-05,0.0002597118839446633
donalvarado15,0,2,0,5,8.872280242758923e-05,2.1746869403102917e-05
dora_melgar,0,3,0,6,8.872280242758923e-05,0.0001919017463058914
donarturo45,0,3,0,5,8.872280242758923e-05,5.0243296870679596e-05
donatelonica,0,1,0,1,8.872280242758923e-05,0.0
dondeyvid__,0,2,0,2,8.872280242758923e-05,3.608844841766806e-07
dondieg28700696,0,8,0,17,8.872280242758923e-05,0.00011729626433672945
donfifas57,0,6,0,12,8.872280242758923e-05,6.044583784127259e-07
donguichon,0,2,0,3,8.872280242758923e-05,2.2453950520928598e-06
divas0598,0,4,0,21,8.872280242758923e-05,2.1523340013547142e-06
diunvez,0,1,0,2,8.872280242758923e-05,0.0
ditoxology,0,3,0,5,8.872280242758923e-05,8.144518264046441e-07
doodiegt,0,5,0,8,8.872280242758923e-05,4.847848967412939e-06
dupin07,0,14,0,51,8.872280242758923e-05,0.00047080179805215547
diogenesprimero,0,2,0,3,8.872280242758923e-05,0.0
durnng1ang,0,8,0,9,8.872280242758923e-05,0.000382940602513734
edberb,0,18,0,48,8.872280242758923e-05,0.00044165014002662406
eargueta1983,0,1,0,2,8.872280242758923e-05,0.0
ebeliopulu76138,0,10,0,11,8.872280242758923e-05,1.0808486249743626e-05
ebercuella55096,0,4,0,7,8.872280242758923e-05,3.8492980185789134e-07
diegolainfiesta,0,1,0,2,8.872280242758923e-05,0.0
diegojirado,0,2,0,3,8.872280242758923e-05,0.0
echotangolima,0,1,0,2,8.872280242758923e-05,0.0
ed8sv,0,3,0,4,8.872280242758923e-05,1.9203754961529157e-05
ed_columbus,0,1,0,2,8.872280242758923e-05,0.0
ed_dynho,0,1,0,2,8.872280242758923e-05,0.0
edalrivi,0,2,0,3,8.872280242758923e-05,0.0
diego21709067,0,1,0,2,8.872280242758923e-05,0.0
diegomdsn,0,6,0,7,8.872280242758923e-05,1.3024354633590822e-05
edcastillo30336,0,2,0,3,8.872280242758923e-05,0.0
eddie58jr,0,3,0,4,8.872280242758923e-05,0.00010847035599380057
didiermauricioc,0,2,0,3,8.872280242758923e-05,0.0
eddievill,0,1,0,2,8.872280242758923e-05,0.0
eddryu1,0,2,0,3,8.872280242758923e-05,0.0
eddy_ecocharly,0,2,0,3,8.872280242758923e-05,1.2937505096512455e-05
eddyarredondo23,0,4,0,9,8.872280242758923e-05,7.36140410001771e-07
eddycru95594848,0,3,0,6,8.872280242758923e-05,4.7637379936415e-05
eddypaz63452628,0,11,0,12,8.872280242758923e-05,3.1781363512018005e-05
edesgaro_deaf,0,4,0,7,8.872280242758923e-05,8.05854189866128e-06
diegoletona2,0,11,0,12,8.872280242758923e-05,3.1781363512018005e-05
diegomollinedo4,0,2,0,3,8.872280242758923e-05,2.1332965129173e-05
dvidx84,0,25,0,47,8.872280242758923e-05,8.832273086807349e-05
diinbc,0,4,0,5,8.872280242758923e-05,4.504203858328911e-06
dyessym,0,4,0,7,8.872280242758923e-05,7.298202957313694e-05
dinorag29542872,0,3,0,4,8.872280242758923e-05,0.0
dinoeca30,0,1,0,2,8.872280242758923e-05,0.0
dinamen45337462,0,3,0,4,8.872280242758923e-05,1.732066130426769e-05
dimix738835,0,7,0,12,8.872280242758923e-05,5.500743537145268e-06
e52549132manolo,0,1,0,2,8.872280242758923e-05,0.0
e9daa1c40e864e2,0,2,0,3,8.872280242758923e-05,0.0
e_arreola70,0,11,0,17,8.872280242758923e-05,1.1401094619078753e-05
e_berreondo,0,7,0,8,8.872280242758923e-05,2.3806185193985783e-05
dimeloandrew,0,3,0,4,8.872280242758923e-05,3.2634748797143027e-07
e_loki_star,0,3,0,4,8.872280242758923e-05,3.6016271520832724e-07
diegooliva95,0,4,0,4,8.872280242758923e-05,0.00010246301443408888
e_mire8a,0,2,0,3,8.872280242758923e-05,0.0
diicesare,0,7,0,9,8.872280242758923e-05,3.107145514091169e-05
eaal80,0,4,0,5,8.872280242758923e-05,1.2120135236540522e-05
diganmechapin,0,3,0,4,8.872280242758923e-05,1.992370697229957e-06
ealvarado500,0,5,0,8,8.872280242758923e-05,1.8344341756235456e-06
ealvaradoucles7,0,3,0,7,8.872280242758923e-05,1.38595705665366e-07
eamilcar_rios,0,4,0,5,8.872280242758923e-05,7.399293716380525e-06
dieletgo,0,4,0,5,8.872280242758923e-05,1.643619854436553e-05
diegosam09xx,0,1,0,3,8.872280242758923e-05,0.0
diegopan_ore16,0,4,0,5,8.872280242758923e-05,0.0001919017463058914
eleany_ramirezo,0,2,0,3,8.872280242758923e-05,0.0
de_jegerle27871,0,1,0,3,8.872280242758923e-05,0.0
cristeptesico,0,4,0,5,8.872280242758923e-05,8.065171761690978e-07
cutelizbethb,0,1,0,2,8.872280242758923e-05,0.0
d3sarrollo,0,2,0,3,8.872280242758923e-05,0.0
emylopez240400,0,1,0,2,8.872280242758923e-05,0.0
enandopz,0,4,0,4,8.872280242758923e-05,0.0002095251088010238
d1198s,0,1,0,2,8.872280242758923e-05,0.0
enascenso2019,0,3,0,4,8.872280242758923e-05,1.4289548803344256e-06
endless_28gt,0,1,0,2,8.872280242758923e-05,0.0
endry_ochoa,0,1,0,2,8.872280242758923e-05,0.0
enema_vaginal,0,1,0,2,8.872280242758923e-05,0.0
enemiga_publika,0,4,0,5,8.872280242758923e-05,0.0
d09f35578704492,0,4,0,5,8.872280242758923e-05,2.8117035008179476e-06
enitolima03,0,9,0,22,8.872280242758923e-05,2.2457246885878186e-06
enrique29744649,0,2,0,3,8.872280242758923e-05,0.0
enrique41204614,0,2,0,3,8.872280242758923e-05,3.6329848367878883e-06
enrique51859338,0,3,0,8,8.872280242758923e-05,3.2048638621171074e-06
enrique531,0,1,0,2,8.872280242758923e-05,0.0
enrique5603,0,3,0,8,8.872280242758923e-05,7.829523963697683e-05
enrique91598012,0,8,0,10,8.872280242758923e-05,5.133133822194175e-05
cwmorales2,0,5,0,6,8.872280242758923e-05,4.513230318966845e-06
cuz_kuckling,0,2,0,3,8.872280242758923e-05,0.0
enriquecordon,0,3,0,4,8.872280242758923e-05,1.1593182362599297e-05
enriquenimacach,0,4,0,5,8.872280242758923e-05,1.5291903059599907e-06
enterand5,0,2,0,3,8.872280242758923e-05,0.0
eortizmorales,0,2,0,3,8.872280242758923e-05,4.264733880905454e-05
emunchy,0,5,0,6,8.872280242758923e-05,0.00083900295405504
d_97p,0,9,0,10,8.872280242758923e-05,3.4028771511847674e-06
emoji_dudoso,0,7,0,13,8.872280242758923e-05,5.007425070347713e-07
emersoncrcamo2,0,9,0,21,8.872280242758923e-05,0.00036706949556183
elyquintana3,0,4,0,7,8.872280242758923e-05,5.6922680588323386e-08
elzinho7,0,4,0,5,8.872280242758923e-05,4.504203858328911e-06
emagonzles,0,4,0,8,8.872280242758923e-05,0.0
dagobertojosek1,0,2,0,3,8.872280242758923e-05,0.0
emanuelengt,0,3,0,4,8.872280242758923e-05,0.0
emartensen,0,1,0,2,8.872280242758923e-05,0.0
emegelizama,0,12,0,25,8.872280242758923e-05,0.00015747758692406815
dafograto,0,3,0,4,8.872280242758923e-05,1.2064248884056886e-05
emerson07937834,0,2,0,3,8.872280242758923e-05,0.0
emerson54692121,0,2,0,6,8.872280242758923e-05,0.0
dafer05081967,0,2,0,3,8.872280242758923e-05,0.0
emmarincon,0,1,0,1,8.872280242758923e-05,0.0
emerylmi,0,3,0,4,8.872280242758923e-05,1.6648650305197264e-07
emgaguerrero,0,1,0,2,8.872280242758923e-05,0.0
emilioenrq42585,0,5,0,12,8.872280242758923e-05,9.405229833945164e-05
daf69feea8084a2,0,3,0,4,8.872280242758923e-05,2.810938820880443e-06
emilioxinico,0,1,0,4,8.872280242758923e-05,0.0
emilsaest,0,13,0,14,8.872280242758923e-05,9.910301132742174e-05
emilyfelix85,0,3,0,4,8.872280242758923e-05,3.2634748797143027e-07
d_mndzz,0,1,0,2,8.872280242758923e-05,0.0
d_lnaa,0,1,0,2,8.872280242758923e-05,0.0
emmaemmairlanda,0,1,0,2,8.872280242758923e-05,0.0
cuxmigue,0,1,0,2,8.872280242758923e-05,0.0
curulguatemala,0,1,0,2,8.872280242758923e-05,0.0
dcllantero,0,1,0,2,8.872280242758923e-05,0.0
epguate,0,6,0,11,8.872280242758923e-05,5.584871781344508e-05
erikjoaquine,0,1,0,2,8.872280242758923e-05,0.0
erikrmoran,0,1,0,2,8.872280242758923e-05,0.0
crynewa,0,7,0,8,8.872280242758923e-05,0.0010480394038252393
erobles62,0,3,0,6,8.872280242758923e-05,0.0
cruzoliviajose,0,3,0,4,8.872280242758923e-05,9.812907685302587e-07
cruuzfran33,0,12,0,13,8.872280242758923e-05,0.0001436962423259531
erosan3edsa,0,32,0,76,8.872280242758923e-05,0.0024952356433474913
critica_al100,0,1,0,2,8.872280242758923e-05,0.0
cristinape76241,0,3,0,4,8.872280242758923e-05,5.748756245942934e-06
cristinamazar11,0,1,0,2,8.872280242758923e-05,0.0
cristin30886707,0,2,0,3,8.872280242758923e-05,4.508693934090054e-06
cristin25749072,0,7,0,8,8.872280242758923e-05,2.1770135979235846e-06
erpichi1107,0,2,0,3,8.872280242758923e-05,5.743785488932711e-06
error_sys404,0,3,0,4,8.872280242758923e-05,0.0
cristiianguate,0,1,0,2,8.872280242758923e-05,0.0
ertadivarius,0,10,0,24,8.872280242758923e-05,5.1802609899855205e-05
erwin15,0,43,0,76,8.872280242758923e-05,0.004447307465894381
cristianvaldez5,0,12,0,18,8.872280242758923e-05,0.0024560354189374447
cristianknf,0,4,0,5,8.872280242758923e-05,5.007425070347713e-07
cristianchj,0,3,0,4,8.872280242758923e-05,8.065171761690978e-07
cristia17892973,0,2,0,7,8.872280242758923e-05,0.0
cristia13944035,0,1,0,2,8.872280242758923e-05,0.0
cristgkopp,0,2,0,3,8.872280242758923e-05,0.0
erikbarrios3011,0,3,0,4,8.872280242758923e-05,1.1593182362599297e-05
ericxon21603,0,1,0,2,8.872280242758923e-05,0.0
csanchezpolo,0,2,0,3,8.872280242758923e-05,9.17740797231958e-06
erickescuderos,0,1,0,2,8.872280242758923e-05,0.0
curielcuriel8,0,2,0,3,8.872280242758923e-05,0.0
equinacp11,0,2,0,3,8.872280242758923e-05,1.0072562126315428e-05
eracarrillo2638,0,3,0,4,8.872280242758923e-05,3.6016271520832724e-07
erfperfp9,0,1,0,2,8.872280242758923e-05,0.0
ericfer1603,0,4,0,6,8.872280242758923e-05,0.0
erick_lopez199,0,12,0,15,8.872280242758923e-05,0.00018258488387965145
erickalbert76,0,7,0,8,8.872280242758923e-05,8.682188768057485e-05
erickanleu4,0,1,0,2,8.872280242758923e-05,0.0
erickdcap,0,2,0,3,8.872280242758923e-05,2.4086347124540462e-05
erickdonald2g,0,2,0,3,8.872280242758923e-05,1.469697745694649e-06
erickfe42787865,0,4,0,5,8.872280242758923e-05,5.017459990328369e-07
csaralv28780505,0,4,0,5,8.872280242758923e-05,5.007425070347713e-07
erickjimenez69,0,4,0,5,8.872280242758923e-05,4.43696011148231e-05
erickmgarrido,0,4,0,5,8.872280242758923e-05,4.566248950933191e-05
erickor43995453,0,4,0,5,8.872280242758923e-05,4.504203858328911e-06
erickpa55587057,0,13,0,25,8.872280242758923e-05,2.618996403998859e-05
erickpinaleshou,0,3,0,4,8.872280242758923e-05,7.263529161515326e-06
erickva65891293,0,14,0,17,8.872280242758923e-05,0.00526745692029339
cubomarketing2,0,4,0,5,8.872280242758923e-05,0.00012484883830908257
cuanticospin,0,1,0,2,8.872280242758923e-05,0.0
csimon72,0,4,0,5,8.872280242758923e-05,1.1325222380902685e-05
csimetropol,0,4,0,5,8.872280242758923e-05,0.0
elvinsantiagos,0,2,0,3,8.872280242758923e-05,0.0
elvenezolano6,0,2,0,3,8.872280242758923e-05,0.0
eltuitdehoy_,0,3,0,5,8.872280242758923e-05,2.1200294157018804e-06
danborrayo,0,2,0,3,8.872280242758923e-05,0.0
elissirok,0,1,0,2,8.872280242758923e-05,0.0
eliucyc,0,6,0,8,8.872280242758923e-05,1.1496072099266424e-05
elivalenzu26663,0,4,0,5,8.872280242758923e-05,3.2634748797143027e-07
davidjosefo1990,0,2,0,5,8.872280242758923e-05,0.0
elizamorales144,0,2,0,3,8.872280242758923e-05,0.0
elizave15409733,0,6,0,17,8.872280242758923e-05,2.5870318396146828e-05
ellaramrez3,0,2,0,3,8.872280242758923e-05,0.0
ellario49907496,0,2,0,3,8.872280242758923e-05,0.0
elliberchapin,0,4,0,10,8.872280242758923e-05,2.6346136272902453e-06
elliot_gt,0,7,0,8,8.872280242758923e-05,2.1726595707277373e-06
ellitroz,0,3,0,4,8.872280242758923e-05,3.7180322477363744e-06
elmachirulo2024,0,5,0,6,8.872280242758923e-05,4.504203858328911e-06
elmaikstrvjs4h,0,12,0,17,8.872280242758923e-05,3.236305837700202e-05
elmar_o,0,3,0,4,8.872280242758923e-05,3.5764892607719854e-06
elmaschispudo,0,12,0,22,8.872280242758923e-05,0.0023235389247991036
david_mejia79,0,3,0,4,8.872280242758923e-05,0.0
david71633947,0,1,0,2,8.872280242758923e-05,0.0
david10968575,0,3,0,4,8.872280242758923e-05,7.625200649785067e-05
elmaschucho,0,3,0,7,8.872280242758923e-05,1.275121445017553e-05
elmer89670607,0,4,0,5,8.872280242758923e-05,1.5291903059599907e-06
elmerhernandez0,0,2,0,3,8.872280242758923e-05,5.6031685120263666e-06
elmeronene1,0,1,0,2,8.872280242758923e-05,0.0
elmertum,0,2,0,3,8.872280242758923e-05,0.0
davidmoral50515,0,8,0,9,8.872280242758923e-05,8.954362596578549e-06
eliseobac,0,3,0,5,8.872280242758923e-05,6.595077284159434e-06
eliseo5209,0,1,0,2,8.872280242758923e-05,0.0
elgriego7,0,7,0,12,8.872280242758923e-05,0.0021900775949075207
electrafacao,0,2,0,3,8.872280242758923e-05,0.0
eledycito,0,6,0,12,8.872280242758923e-05,7.559776125864942e-06
elegatoo,0,2,0,3,8.872280242758923e-05,0.0
element76952283,0,5,0,10,8.872280242758923e-05,8.26554750767085e-06
elena_sanchezf,0,1,0,2,8.872280242758923e-05,0.0
elenamam68,0,1,0,2,8.872280242758923e-05,0.0
eleo_1981,0,3,0,4,8.872280242758923e-05,0.0
elfkingleon69,0,3,0,4,8.872280242758923e-05,0.0
dbtosho,0,3,0,7,8.872280242758923e-05,2.9931261169501737e-06
elgranmigue,0,2,0,12,8.872280242758923e-05,0.0
dbercian,0,1,0,4,8.872280242758923e-05,0.0
eliottello1,0,15,0,18,8.872280242758923e-05,5.752002174428079e-05
elgrossogt,0,1,0,2,8.872280242758923e-05,0.0
eli22lima,0,1,0,2,8.872280242758923e-05,0.0
elias_peli16702,0,4,0,5,8.872280242758923e-05,5.007425070347713e-07
eliascruz90,0,1,0,2,8.872280242758923e-05,0.0
eliezerpinist,0,18,0,46,8.872280242758923e-05,0.0006221043671568855
dayankim0501,0,1,0,2,8.872280242758923e-05,0.0
davith_dieguez,0,3,0,4,8.872280242758923e-05,6.57071156276251e-06
davila_gomez64,0,1,0,2,8.872280242758923e-05,0.0
davidz502,0,2,0,3,8.872280242758923e-05,0.0
davidor12717882,0,7,0,8,8.872280242758923e-05,1.503827226311864e-05
elmervargas,0,2,0,3,8.872280242758923e-05,2.5144474693565455e-06
elminilicgt,0,2,0,3,8.872280242758923e-05,0.0
elmishsalbg,0,2,0,3,8.872280242758923e-05,0.0
danielcollin01,0,1,0,1,8.872280242758923e-05,0.0
daniloram1978,0,2,0,3,8.872280242758923e-05,0.0
daniloherreral1,0,1,0,2,8.872280242758923e-05,0.0
daniloherreral,0,2,0,3,8.872280242758923e-05,2.1746869403102917e-05
danilocriticon,0,3,0,4,8.872280242758923e-05,2.9931261169501737e-06
daniheor,0,1,0,2,8.872280242758923e-05,0.0
danigarciiaa,0,13,0,14,8.872280242758923e-05,9.910301132742174e-05
danies1986,0,2,0,3,8.872280242758923e-05,0.0
danielpontemach,0,4,0,5,8.872280242758923e-05,8.065171761690978e-07
danielmpatriota,0,11,0,12,8.872280242758923e-05,3.1781363512018005e-05
elreydelmambo__,0,4,0,5,8.872280242758923e-05,2.3767876256292935e-06
elsaleiva11091,0,4,0,5,8.872280242758923e-05,3.2634748797143027e-07
dannoger,0,2,0,3,8.872280242758923e-05,0.0
danielbexe,0,8,0,9,8.872280242758923e-05,8.97230721100055e-06
elsamhroque,0,3,0,4,8.872280242758923e-05,1.411228389053086e-05
elsamygarcia75,0,2,0,3,8.872280242758923e-05,2.422257220860864e-05
elsarojasprez1,0,2,0,3,8.872280242758923e-05,0.0
elshowdelamenti,0,1,0,1,8.872280242758923e-05,0.0
elsprintfinal,0,2,0,2,8.872280242758923e-05,3.3009541563204135e-05
elsuperenterado,0,8,0,9,8.872280242758923e-05,7.112319117329824e-05
daniel_aag24,0,3,0,6,8.872280242758923e-05,3.148178307672888e-05
dani17sama,0,6,0,7,8.872280242758923e-05,1.3024354633590822e-05
danceconnectgt,0,4,0,5,8.872280242758923e-05,2.0956029881541523e-05
dannmeister90,0,3,0,4,8.872280242758923e-05,1.888967456345328e-06
dannyalarcon160,0,12,0,20,8.872280242758923e-05,9.63321809540245e-05
elmora_siu,0,12,0,16,8.872280242758923e-05,4.5893109571303225e-05
elpollitopiogt,0,2,0,6,8.872280242758923e-05,1.756244940917208e-05
eloayez,0,13,0,14,8.872280242758923e-05,2.0201403435339825e-05
davi99022668,0,12,0,22,8.872280242758923e-05,2.7700334971311647e-05
davezgalindo,0,3,0,4,8.872280242758923e-05,1.4916858103933969e-06
davefilipi,0,4,0,9,8.872280242758923e-05,3.637207784395792e-07
datanow101,0,4,0,5,8.872280242758923e-05,5.007425070347713e-07
darwinboanerges,0,2,0,7,8.872280242758923e-05,0.0
darwin_socop,0,4,0,5,8.872280242758923e-05,2.6346136272902453e-06
darth_cetera,0,4,0,5,8.872280242758923e-05,2.6346136272902453e-06
elojotodolomira,0,1,0,4,8.872280242758923e-05,0.0
elotroikar,0,6,0,15,8.872280242758923e-05,1.819424170721378e-05
elrambochapin,0,2,0,3,8.872280242758923e-05,0.0
dannybarales,0,2,0,3,8.872280242758923e-05,0.0
darofacha,0,2,0,3,8.872280242758923e-05,2.27051029719818e-05
darkcraxker,0,4,0,7,8.872280242758923e-05,1.821954045465399e-07
dark_mastergt,0,12,0,23,8.872280242758923e-05,0.00019440254350607238
dariochevez28,0,1,0,2,8.872280242758923e-05,0.0
darguingt,0,2,0,3,8.872280242758923e-05,0.0
dardon_monica,0,2,0,3,8.872280242758923e-05,0.0
danzarinus,0,4,0,9,8.872280242758923e-05,1.7408864785922306e-06
danyhgonzalez,0,8,0,9,8.872280242758923e-05,1.0589048977045511e-05
dante8219gt,0,22,0,24,8.872280242758923e-05,0.0008683031323864281
dannyfuture_,0,5,0,8,8.872280242758923e-05,1.2576962370470114e-06
celmiragarcia90,0,2,0,3,8.872280242758923e-05,0.0
celica502x,0,10,0,11,8.872280242758923e-05,1.0808486249743626e-05
leticia_hub,0,2,0,3,8.872280242758923e-05,0.0
jtinianoomilton,0,1,0,2,8.872280242758923e-05,0.0
josul65814,0,14,0,19,8.872280242758923e-05,1.6110774922503827e-05
berniemendez,0,1,0,1,8.872280242758923e-05,0.0
bernabege,0,1,0,2,8.872280242758923e-05,0.0
jotaele_87,0,1,0,1,8.872280242758923e-05,0.0
jotiaalvarez,0,6,0,13,8.872280242758923e-05,9.307212634008068e-05
berbeno88,0,3,0,4,8.872280242758923e-05,7.940478483735598e-06
jpappa89,0,2,0,3,8.872280242758923e-05,0.0
jpaulmora,0,3,0,3,8.872280242758923e-05,0.00019213754678706335
benjibebecito,0,2,0,3,8.872280242758923e-05,7.06813395240915e-06
jpmath_78,0,6,0,7,8.872280242758923e-05,2.030315761142314e-06
benjamnlarios1,0,1,0,2,8.872280242758923e-05,0.0
jr_morales66,0,3,0,4,8.872280242758923e-05,0.0
jramiroh,0,3,0,8,8.872280242758923e-05,1.1050946719183912e-05
jrc19782001,0,4,0,12,8.872280242758923e-05,1.3725018124250725e-05
jreyesargueta,0,5,0,6,8.872280242758923e-05,8.645291931971988e-05
jricardomorales,0,5,0,6,8.872280242758923e-05,1.0050872413347696e-05
jriveragt,0,1,0,2,8.872280242758923e-05,0.0
jrruizh,0,4,0,9,8.872280242758923e-05,1.6977184235639718e-05
benjamingabac,0,2,0,3,8.872280242758923e-05,0.0
benjamiinxxx,0,5,0,6,8.872280242758923e-05,5.007425070347713e-07
jsalazar86cho,0,2,0,3,8.872280242758923e-05,9.17740797231958e-06
jserech74,0,2,0,3,8.872280242758923e-05,0.0
jsotsot,0,2,0,3,8.872280242758923e-05,0.0
josuetiy,0,4,0,5,8.872280242758923e-05,1.9883859558354966e-06
josueshumangt,0,1,0,2,8.872280242758923e-05,0.0
josueporta,0,1,0,2,8.872280242758923e-05,0.0
josgarc24522562,0,1,0,2,8.872280242758923e-05,0.0
josepai3524167,0,3,0,4,8.872280242758923e-05,0.0
joseperen,0,2,0,3,8.872280242758923e-05,0.0
josephhb458550,0,4,0,5,8.872280242758923e-05,5.913028015374639e-06
josephsempe,0,4,0,5,8.872280242758923e-05,5.007425070347713e-07
josesolaresgt,0,3,0,4,8.872280242758923e-05,1.3937912360334852e-05
josespalencias,0,2,0,3,8.872280242758923e-05,2.8177188409298452e-05
josespi96513589,0,2,0,3,8.872280242758923e-05,7.417182769538516e-06
josevilleda811,0,1,0,2,8.872280242758923e-05,0.0
berseronline,0,1,0,2,8.872280242758923e-05,0.0
berserker1696,0,1,0,2,8.872280242758923e-05,0.0
joshchapin,0,6,0,8,8.872280242758923e-05,5.963205242811991e-05
josuepablo,0,2,0,3,8.872280242758923e-05,0.0
joshxb4,0,6,0,9,8.872280242758923e-05,6.868615418513723e-06
josjcaalmor,0,12,0,19,8.872280242758923e-05,6.085039802354966e-05
josrafa44150143,0,2,0,3,8.872280242758923e-05,8.669062716165451e-06
josscarrera16,0,1,0,2,8.872280242758923e-05,0.0
jossrey14,0,6,0,7,8.872280242758923e-05,6.042325124855266e-06
josue877229,0,6,0,7,8.872280242758923e-05,1.3024354633590822e-05
josue_myron,0,5,0,8,8.872280242758923e-05,5.983190942088683e-07
josuechicol94,0,6,0,11,8.872280242758923e-05,3.3902811223527844e-06
josuedj_12,0,1,0,2,8.872280242758923e-05,0.0
josuelop30,0,5,0,7,8.872280242758923e-05,9.478886219741067e-06
jtgincan,0,1,0,2,8.872280242758923e-05,0.0
jtrujillosan,0,3,0,4,8.872280242758923e-05,8.21828794493494e-05
batresjulia,0,5,0,8,8.872280242758923e-05,1.6153970284312753e-06
juamanlogt,0,3,0,5,8.872280242758923e-05,2.2453950520928598e-06
juankrpg,0,4,0,5,8.872280242758923e-05,4.504203858328911e-06
juanluisrodas1,0,7,0,8,8.872280242758923e-05,2.3806185193985783e-05
benjamdc7,0,13,0,14,8.872280242758923e-05,9.910301132742174e-05
juanortizfoto,0,2,0,4,8.872280242758923e-05,0.0
juanpabablo1980,0,9,0,11,8.872280242758923e-05,3.75119073474386e-05
benitok_melo,0,4,0,4,8.872280242758923e-05,5.951888098041107e-06
beniluna7,0,1,0,2,8.872280242758923e-05,0.0
juanparivera10,0,3,0,6,8.872280242758923e-05,1.4946751607148265e-06
juanpms_,0,2,0,4,8.872280242758923e-05,0.0
juanpre15413491,0,8,0,9,8.872280242758923e-05,8.954362596578549e-06
juansitomi,0,7,0,11,8.872280242758923e-05,0.0012540489493187948
bdonado1,0,2,0,3,8.872280242758923e-05,0.0001919017463058914
juansot27755062,0,1,0,2,8.872280242758923e-05,0.0
judithcolnj1,0,6,0,15,8.872280242758923e-05,0.00015805968108330355
bbccss6566,0,9,0,18,8.872280242758923e-05,0.0011898195169362461
judithinter,0,2,0,3,8.872280242758923e-05,0.0
bbbbbbb27365250,0,1,0,4,8.872280242758923e-05,0.0
julemas,0,1,0,2,8.872280242758923e-05,0.0
julenag,0,3,0,6,8.872280242758923e-05,0.0
bayronortega68,0,1,0,4,8.872280242758923e-05,0.0
bauarturo57965,0,11,0,16,8.872280242758923e-05,9.558599416168447e-06
juliaramir,0,6,0,14,8.872280242758923e-05,6.042325124855266e-06
julio86377099,0,3,0,8,8.872280242758923e-05,0.0
juank_c0,0,2,0,3,8.872280242758923e-05,0.0
juanjodr26,0,2,0,3,8.872280242758923e-05,0.0
juanfra16928760,0,1,0,2,8.872280242758923e-05,0.0
juancar79476492,0,2,0,11,8.872280242758923e-05,0.0
juan149036,0,5,0,8,8.872280242758923e-05,5.559895736130525e-07
juan24041992,0,3,0,4,8.872280242758923e-05,3.6016271520832724e-07
juan45fer,0,2,0,3,8.872280242758923e-05,0.0
juananibal47041,0,2,0,3,8.872280242758923e-05,0.0
juanazurdia3,0,4,0,5,8.872280242758923e-05,2.6346136272902453e-06
juanbizzz,0,3,0,4,8.872280242758923e-05,3.2634748797143027e-07
juanca8733,0,2,0,3,8.872280242758923e-05,0.0
juanca_vela,0,4,0,5,8.872280242758923e-05,6.890413184243397e-06
juancamasosa,0,2,0,3,8.872280242758923e-05,0.0
benjami52021638,0,6,0,7,8.872280242758923e-05,1.3024354633590822e-05
juancarlosgtm,0,2,0,3,8.872280242758923e-05,0.0
juaneshrrnande1,0,6,0,7,8.872280242758923e-05,1.3050455544680183e-05
juancarlosguzm3,0,1,0,2,8.872280242758923e-05,0.0
juanchampas,0,4,0,10,8.872280242758923e-05,2.9818003697423845e-06
juanchapilandia,0,13,0,31,8.872280242758923e-05,1.585585161642521e-05
juancho8924082,0,1,0,2,8.872280242758923e-05,0.0
juanchodelaroca,0,1,0,2,8.872280242758923e-05,0.0
juanchogii,0,2,0,3,8.872280242758923e-05,1.2241285674328325e-05
juancrema,0,1,0,2,8.872280242758923e-05,0.0
juanctrujilloc1,0,1,0,2,8.872280242758923e-05,0.0
juanech62391322,0,2,0,3,8.872280242758923e-05,0.0
juanes0773,0,11,0,12,8.872280242758923e-05,0.00044100214077892537
josemorenob,0,4,0,5,8.872280242758923e-05,4.513230318966845e-06
josemmp1968,0,1,0,4,8.872280242758923e-05,0.0
josemanuelmuhe,0,4,0,5,8.872280242758923e-05,4.504203858328911e-06
joselitosky,0,7,0,8,8.872280242758923e-05,1.3024354633590822e-05
joa00gonzalez,0,8,0,11,8.872280242758923e-05,5.685801523290553e-06
joalsanta,0,1,0,2,8.872280242758923e-05,0.0
joaqung46678893,0,5,0,6,8.872280242758923e-05,4.0520467735156106e-05
blancalunae,0,11,0,23,8.872280242758923e-05,1.0808486249743626e-05
jobs0901,0,9,0,18,8.872280242758923e-05,9.633265021742095e-06
joe__danger,0,4,0,5,8.872280242758923e-05,5.007425070347713e-07
joel34440015,0,2,0,3,8.872280242758923e-05,0.0
joemayros,0,2,0,3,8.872280242758923e-05,0.0001919017463058914
joffar28,0,5,0,11,8.872280242758923e-05,7.402995094933641e-06
jofra66468293,0,4,0,5,8.872280242758923e-05,4.513230318966845e-06
johanmauricio34,0,14,0,84,8.872280242758923e-05,2.1354024722556016e-05
johannyorellan3,0,2,0,3,8.872280242758923e-05,0.0
johansondev,0,2,0,3,8.872280242758923e-05,0.0
johnfre3680,0,3,0,4,8.872280242758923e-05,0.0
johnnyhurtarte,0,17,0,36,8.872280242758923e-05,0.00038166891550000273
johnnymendizaba,0,4,0,5,8.872280242758923e-05,5.017459990328369e-07
johnsteinergt,0,2,0,2,8.872280242758923e-05,3.6016271520832724e-07
johntellez13,0,2,0,3,8.872280242758923e-05,0.0
johnzooma32,0,13,0,14,8.872280242758923e-05,0.0015449855576974425
blaguila,0,4,0,9,8.872280242758923e-05,0.0023788140472078274
blablabla1950,0,9,0,20,8.872280242758923e-05,2.9164250577692473e-05
biofilopanklast,0,2,0,3,8.872280242758923e-05,0.0
bimbin18752024,0,4,0,5,8.872280242758923e-05,4.504203858328911e-06
blanki9rodiguez,0,2,0,3,8.872280242758923e-05,0.0
jmsoes,0,5,0,6,8.872280242758923e-05,0.0001281993450562184
blanknita_24,0,2,0,3,8.872280242758923e-05,7.279563115456897e-05
jimenezd_david,0,1,0,2,8.872280242758923e-05,0.0
jgonzaleza3,0,4,0,5,8.872280242758923e-05,8.065171761690978e-07
jhofresam,0,13,0,14,8.872280242758923e-05,9.910301132742174e-05
jhonjarpor85521,0,2,0,3,8.872280242758923e-05,0.0
jhonnybravo367,0,1,0,4,8.872280242758923e-05,0.0
jhony1234567895,0,3,0,8,8.872280242758923e-05,0.00013283779714270887
bobypineda,0,5,0,5,8.872280242758923e-05,6.745417319261301e-05
jhosima48134361,0,2,0,3,8.872280242758923e-05,0.0
jifuture,0,12,0,14,8.872280242758923e-05,0.000588474260524635
bobafett1724,0,1,0,1,8.872280242758923e-05,0.0
bmizasr,0,3,0,4,8.872280242758923e-05,1.732066130426769e-05
jimenezdaysi23,0,3,0,4,8.872280242758923e-05,0.0
jmlv21104,0,3,0,4,8.872280242758923e-05,1.0642141022727527e-05
jireharchila,0,2,0,3,8.872280242758923e-05,0.0
jjoaquinvv,0,4,0,9,8.872280242758923e-05,1.1590325586457327e-05
jjpnewsgtactua,0,4,0,11,8.872280242758923e-05,2.187944861244997e-05
jl2maeu,0,14,0,31,8.872280242758923e-05,0.00035109562870954086
jlchavezgt,0,4,0,5,8.872280242758923e-05,2.2728220076601176e-05
bmincho09,0,2,0,3,8.872280242758923e-05,0.0
bluebikeride,0,3,0,4,8.872280242758923e-05,2.6065857154839884e-06
jm_aguirre,0,1,0,1,8.872280242758923e-05,0.0
jmeggs,0,1,0,2,8.872280242758923e-05,0.0
jmgrandpa,0,4,0,5,8.872280242758923e-05,0.0001067784243747178
billyb04437416,0,2,0,3,8.872280242758923e-05,8.19405733178034e-06
billyarmando,0,10,0,23,8.872280242758923e-05,8.440083141844487e-05
bigmaca93,0,1,0,2,8.872280242758923e-05,0.0
josebren223,0,2,0,5,8.872280242758923e-05,0.0
jorgherrerac,0,2,0,3,8.872280242758923e-05,0.0
betocoralg,0,1,0,1,8.872280242758923e-05,0.0
jorkflorido,0,1,0,2,8.872280242758923e-05,0.0
jormaz2425,0,6,0,17,8.872280242758923e-05,6.378151829675509e-07
jos216silver,0,4,0,5,8.872280242758923e-05,4.504203858328911e-06
josafaatg,0,4,0,5,8.872280242758923e-05,4.504203858328911e-06
josalore,0,2,0,3,8.872280242758923e-05,0.0
jose5anchez,0,1,0,2,8.872280242758923e-05,0.0
jose_a_dykesg,0,3,0,4,8.872280242758923e-05,0.0
josearce1990,0,2,0,3,8.872280242758923e-05,1.8648587767779636e-05
josecar08264993,0,3,0,4,8.872280242758923e-05,1.469697745694649e-06
jorgevivar96,0,1,0,4,8.872280242758923e-05,0.0
beto_asaber14,0,1,0,2,8.872280242758923e-05,0.0
josedomingoca20,0,2,0,3,8.872280242758923e-05,0.0
josehpmi87,0,2,0,3,8.872280242758923e-05,0.0
josehuitt,0,1,0,2,8.872280242758923e-05,0.0
joseiba55907887,0,3,0,4,8.872280242758923e-05,1.6648650305197264e-07
josejo1116,0,2,0,3,8.872280242758923e-05,3.7078270978627363e-06
betancurth28388,0,4,0,5,8.872280242758923e-05,4.504203858328911e-06
betamax188,0,3,0,4,8.872280242758923e-05,3.6016271520832724e-07
josekelvingcoti,0,2,0,3,8.872280242758923e-05,0.0
joselit48030797,0,1,0,2,8.872280242758923e-05,0.0
jorgezuniga_,0,7,0,8,8.872280242758923e-05,2.9006214738191133e-05
jorgetwit75,0,1,0,2,8.872280242758923e-05,0.0
jonanrodas,0,2,0,3,8.872280242758923e-05,0.0
betorosales1027,0,1,0,2,8.872280242758923e-05,0.0
jonatanan_21,0,2,0,3,8.872280242758923e-05,0.0
jonatha32651501,0,1,0,2,8.872280242758923e-05,0.0
bicho_najera,0,1,0,2,8.872280242758923e-05,0.0
jonthanb_leoodo,0,1,0,2,8.872280242758923e-05,0.0
bianch_castillo,0,11,0,18,8.872280242758923e-05,0.00021944922679647345
jorabori,0,3,0,4,8.872280242758923e-05,0.0
joraogue,0,2,0,3,8.872280242758923e-05,0.0
jorge58982940,0,1,0,2,8.872280242758923e-05,0.0
jorge_albertora,0,2,0,3,8.872280242758923e-05,0.0
jorgealberto365,0,5,0,7,8.872280242758923e-05,1.388465576213214e-07
jorgecuevas75,0,8,0,13,8.872280242758923e-05,1.0839267260897194e-05
jorgephilips2,0,2,0,3,8.872280242758923e-05,2.1746869403102917e-05
jorgeen48650964,0,3,0,4,8.872280242758923e-05,1.7060320255544695e-05
jorgega23923554,0,2,0,3,8.872280242758923e-05,0.0
jorgegiliv,0,3,0,4,8.872280242758923e-05,3.2634748797143027e-07
jorgegu59035932,0,10,0,16,8.872280242758923e-05,0.0008704889961603996
jorgelf_l,0,1,0,2,8.872280242758923e-05,0.0
jorgellobello,0,3,0,4,8.872280242758923e-05,3.6016271520832724e-07
jorgemachajon,0,2,0,3,8.872280242758923e-05,0.0
betomoreirap,0,3,0,4,8.872280242758923e-05,0.0
jorgemo60111774,0,1,0,1,8.872280242758923e-05,0.0
jorgeor59911559,0,3,0,8,8.872280242758923e-05,0.0
julioajordan,0,6,0,21,8.872280242758923e-05,7.813697417096189e-05
julioantesde8,0,4,0,5,8.872280242758923e-05,9.668318876952673e-06
jgiron07,0,4,0,5,8.872280242758923e-05,0.00019146236370089925
laray1976,0,3,0,4,8.872280242758923e-05,3.2634748797143027e-07
ausentechapingt,0,2,0,5,8.872280242758923e-05,0.0
lachogt1,0,5,0,8,8.872280242758923e-05,1.6854410204997365e-05
lacimahorg,0,1,0,6,8.872280242758923e-05,0.0
lacolo081972,0,1,0,2,8.872280242758923e-05,0.0
lacupicu,0,21,0,38,8.872280242758923e-05,0.0011764985563837821
ladelentesnais,0,4,0,5,8.872280242758923e-05,5.007425070347713e-07
ladorita3,0,1,0,2,8.872280242758923e-05,0.0
lafemme574,0,2,0,3,8.872280242758923e-05,1.0547898246452512e-05
laghaz11,0,4,0,5,8.872280242758923e-05,4.504203858328911e-06
aurypal,0,1,0,2,8.872280242758923e-05,0.0
aurarod18533431,0,4,0,5,8.872280242758923e-05,1.5291903059599907e-06
auraper75486154,0,10,0,24,8.872280242758923e-05,1.0808486249743626e-05
lainibakura,0,5,0,7,8.872280242758923e-05,5.583574964386697e-05
lainlia,0,6,0,7,8.872280242758923e-05,4.151833473264103e-06
lajudaica,0,15,0,47,8.872280242758923e-05,0.0004695642955710641
lalo_mm,0,4,0,5,8.872280242758923e-05,8.770927765787576e-05
lalpireze,0,4,0,11,8.872280242758923e-05,5.2697204092759e-07
lamarchggie,0,7,0,7,8.872280242758923e-05,4.109935065511351e-05
lamaro84190537,0,4,0,9,8.872280242758923e-05,0.00013183971372712248
lamidupeuplee,0,6,0,11,8.872280242758923e-05,0.00016232371838728775
laminarquia,0,1,0,2,8.872280242758923e-05,0.0
lapicerobicrojo,0,14,0,24,8.872280242758923e-05,0.00016433605969357276
lapulpita7,0,6,0,12,8.872280242758923e-05,4.504203858328911e-06
lacabrera74,0,2,0,3,8.872280242758923e-05,1.6934408143754156e-06
austin_armand,0,1,0,2,8.872280242758923e-05,0.0
labichotafacha,0,2,0,3,8.872280242758923e-05,1.6682014333864994e-07
l00kingparadise,0,2,0,3,8.872280242758923e-05,1.1213344192900915e-05
krlazamor,0,4,0,4,8.872280242758923e-05,7.758570871994682e-05
aylinoso1980,0,2,0,3,8.872280242758923e-05,0.0
krupp31416,0,12,0,27,8.872280242758923e-05,0.00044970278879218577
axelreyna4rm,0,2,0,3,8.872280242758923e-05,8.939838091488798e-07
axelprezg1,0,4,0,5,8.872280242758923e-05,4.513230318966845e-06
krystap33861,0,6,0,7,8.872280242758923e-05,0.0005099398523828672
axejo10,0,6,0,7,8.872280242758923e-05,1.3024354633590822e-05
awenph,0,2,0,3,8.872280242758923e-05,0.0
kvetinaq,0,3,0,4,8.872280242758923e-05,0.0
kwscheel,0,1,0,2,8.872280242758923e-05,0.0
l0b0_gt,0,2,0,2,8.872280242758923e-05,0.0
labenyamina,0,1,0,2,8.872280242758923e-05,0.0
l12baquiax,0,2,0,4,8.872280242758923e-05,0.0
avroruiz,0,4,0,9,8.872280242758923e-05,3.205004699381507e-05
l3on3lpalala,0,1,0,2,8.872280242758923e-05,0.0
la_hernandez_72,0,1,0,2,8.872280242758923e-05,0.0
la_mas_equis,0,2,0,3,8.872280242758923e-05,0.0
la_revoluzzion,0,18,0,30,8.872280242758923e-05,0.0002460386605810692
avilesmilian,0,4,0,5,8.872280242758923e-05,5.007425070347713e-07
laaldecoa18,0,3,0,4,8.872280242758923e-05,9.224061656338106e-07
labase_tv,0,1,0,1,8.872280242758923e-05,0.0
av9517211981642,0,3,0,6,8.872280242758923e-05,9.518746933971454e-06
laragonyanes,0,1,0,2,8.872280242758923e-05,0.0
laresistenciag1,0,3,0,7,8.872280242758923e-05,0.0
julioantoniooli,0,4,0,9,8.872280242758923e-05,5.007425070347713e-07
larrieului49574,0,1,0,2,8.872280242758923e-05,0.0
leo1leonardo46,0,4,0,5,8.872280242758923e-05,1.5291903059599907e-06
leoleo25010485,0,2,0,3,8.872280242758923e-05,0.0
atpsa4,0,3,0,4,8.872280242758923e-05,3.314707449500184e-06
atomant51659529,0,4,0,5,8.872280242758923e-05,4.504203858328911e-06
atolypanito,0,9,0,42,8.872280242758923e-05,0.0002732937996881589
atlaus1985,0,1,0,2,8.872280242758923e-05,0.0
leonard06593335,0,1,0,2,8.872280242758923e-05,0.0
leonard2631234,0,4,0,5,8.872280242758923e-05,9.84133855628737e-05
leonarnocreo,0,2,0,3,8.872280242758923e-05,0.0
leonel23510423,0,1,0,2,8.872280242758923e-05,0.0
leonelb68859819,0,2,0,3,8.872280242758923e-05,9.835832399737235e-07
leoneldepaz6,0,1,0,2,8.872280242758923e-05,0.0
leonmar91,0,1,0,2,8.872280242758923e-05,0.0
leop72166634,0,1,0,2,8.872280242758923e-05,0.0
leopoldodinos,0,6,0,13,8.872280242758923e-05,9.386157720603996e-07
leoqgt,0,1,0,2,8.872280242758923e-05,0.0
lepa_oliver,0,2,0,3,8.872280242758923e-05,0.0
atiu07,0,1,0,1,8.872280242758923e-05,0.0
leslieamely,0,2,0,5,8.872280242758923e-05,0.0
lesslie_860,0,9,0,10,8.872280242758923e-05,2.337607673222074e-05
lessterrez,0,4,0,5,8.872280242758923e-05,8.081334430552083e-07
lestergarcialeo,0,8,0,9,8.872280242758923e-05,8.954362596578549e-06
lestermota,0,10,0,14,8.872280242758923e-05,7.429629854677031e-05
dni23_14,0,2,0,3,8.872280242758923e-05,0.0
lemusrita,0,3,0,6,8.872280242758923e-05,0.0
lemuslimajulioc,0,2,0,5,8.872280242758923e-05,1.0219465411817915e-05
ldavid_g,0,2,0,5,8.872280242758923e-05,5.9886176826613345e-05
larrywoodgt,0,6,0,12,8.872280242758923e-05,0.00017925150892405406
lashenysosa2,0,2,0,3,8.872280242758923e-05,1.8784104076837405e-06
latinocool81405,0,1,0,2,8.872280242758923e-05,0.0
lautarolautro,0,3,0,4,8.872280242758923e-05,5.205696901443323e-07
lavalesg,0,5,0,8,8.872280242758923e-05,3.680614147928093e-05
laviejaalegona1,0,5,0,9,8.872280242758923e-05,2.8667294118540888e-05
laviejita34,0,6,0,7,8.872280242758923e-05,6.042325124855266e-06
lawelfs,0,3,0,7,8.872280242758923e-05,0.0
lbarreragt,0,1,0,2,8.872280242758923e-05,0.0
lcoquette7,0,3,0,4,8.872280242758923e-05,9.376165500068602e-07
ldomilto,0,14,0,33,8.872280242758923e-05,2.472509154856095e-05
lemuskeidy,0,1,0,2,8.872280242758923e-05,0.0
auramarinabola4,0,12,0,29,8.872280242758923e-05,0.0006895589115210963
le_andujar,0,4,0,5,8.872280242758923e-05,8.065171761690978e-07
leal1_marta,0,3,0,4,8.872280242758923e-05,3.93098911501138e-06
leds_ma,0,4,0,7,8.872280242758923e-05,4.7606785205818295e-06
lees_gabii,0,3,0,4,8.872280242758923e-05,9.59508731529457e-05
legan_ki,0,3,0,4,8.872280242758923e-05,0.0
aurabenitez,0,28,0,72,8.872280242758923e-05,0.0004480071621858127
leidi_susana,0,5,0,8,8.872280242758923e-05,3.196253236543697e-05
leiko21,0,3,0,4,8.872280242758923e-05,0.0001919017463058914
augudiel,0,2,0,3,8.872280242758923e-05,8.629183395383991e-05
kriis_colocha,0,2,0,3,8.872280242758923e-05,0.0
krchapina,0,1,0,2,8.872280242758923e-05,0.0
azulanilera,0,4,0,5,8.872280242758923e-05,5.017459990328369e-07
b3nl0rd,0,4,0,8,8.872280242758923e-05,1.7332081126714208e-06
justiciero224,0,11,0,12,8.872280242758923e-05,3.1781363512018005e-05
justinmendo,0,9,0,10,8.872280242758923e-05,1.012332180438646e-05
justtagit,0,4,0,5,8.872280242758923e-05,1.5291903059599907e-06
juvaldez1,0,3,0,4,8.872280242758923e-05,3.6016271520832724e-07
juventinagonza,0,2,0,3,8.872280242758923e-05,0.0
jzamorano1965,0,17,0,33,8.872280242758923e-05,8.745879665281441e-05
k_calel,0,4,0,5,8.872280242758923e-05,4.504203858328911e-06
kaialer,0,7,0,7,8.872280242758923e-05,0.00022274498270369685
bastoslezo24849,0,4,0,5,8.872280242758923e-05,6.530381107712976e-05
kaibilbalam_,0,19,0,23,8.872280242758923e-05,3.7706467125437447e-05
barrioswicho,0,2,0,3,8.872280242758923e-05,0.00019026178856032687
barrientosluise,0,2,0,5,8.872280242758923e-05,0.0
barregudiel36,0,8,0,13,8.872280242758923e-05,0.00023445182283764039
kalizgo,0,6,0,7,8.872280242758923e-05,2.9380693767744042e-05
kaluc0,0,8,0,11,8.872280242758923e-05,0.00025044251827106417
kalumar85,0,3,0,4,8.872280242758923e-05,3.4357472203848687e-06
kannil,0,4,0,7,8.872280242758923e-05,9.711668084548013e-06
bardielschiffer,0,4,0,7,8.872280242758923e-05,5.007425070347713e-07
karlademoller,0,16,0,19,8.872280242758923e-05,2.9815818023278498e-05
karlam_hm,0,9,0,12,8.872280242758923e-05,6.491288507964717e-06
karlbeni77,0,8,0,9,8.872280242758923e-05,8.954362596578549e-06
karlitosandoval,0,4,0,10,8.872280242758923e-05,5.007425070347713e-07
karlos_juarezm,0,2,0,5,8.872280242758923e-05,2.206309585056391e-06
justicia_guate_,0,2,0,5,8.872280242758923e-05,1.344525635501373e-05
justice4bads,0,5,0,21,8.872280242758923e-05,9.846551605117525e-06
justgua1,0,7,0,10,8.872280242758923e-05,1.3748164000133013e-05
juliormolina,0,4,0,7,8.872280242758923e-05,0.00019498247681863743
julioaroldan1,0,5,0,10,8.872280242758923e-05,1.0564486071659677e-05
juliobarriosdeb,0,10,0,11,8.872280242758923e-05,1.0808486249743626e-05
juliochubc,0,1,0,2,8.872280242758923e-05,0.0
juliogenaro6,0,2,0,3,8.872280242758923e-05,0.0
juliolopez3167,0,3,0,4,8.872280242758923e-05,1.4916858103933969e-06
juliolopezj,0,4,0,5,8.872280242758923e-05,4.504203858328911e-06
juliomendezord1,0,7,0,8,8.872280242758923e-05,0.0003393433008478361
juliomo59439263,0,2,0,3,8.872280242758923e-05,0.0
julioperez20211,0,1,0,2,8.872280242758923e-05,0.0
juliopushkin,0,4,0,5,8.872280242758923e-05,1.524971120927668e-06
julioromeodl,0,7,0,14,8.872280242758923e-05,0.0002460327412227014
justderekgt,0,2,0,3,8.872280242758923e-05,1.3472200756526785e-05
julitobatres,0,1,0,2,8.872280242758923e-05,0.0
juliusguate,0,5,0,6,8.872280242758923e-05,4.504203858328911e-06
juliusmazzapan,0,2,0,3,8.872280242758923e-05,0.0
july33_s,0,10,0,15,8.872280242758923e-05,1.970531946328208e-05
julyponce21,0,3,0,3,8.872280242758923e-05,9.224061656338106e-07
julytatob,0,1,0,2,8.872280242758923e-05,0.0
jurgenfranko,0,2,0,3,8.872280242758923e-05,0.0
juristagt502,0,2,0,3,8.872280242758923e-05,1.2182534875899481e-05
jurocaga,0,1,0,2,8.872280242758923e-05,0.0
jusbin1992,0,2,0,3,8.872280242758923e-05,1.4128689918798423e-06
karlosgt60,0,4,0,8,8.872280242758923e-05,0.0
karma_a_bitch_1,0,4,0,5,8.872280242758923e-05,5.007425070347713e-07
karma_edwin,0,1,0,1,8.872280242758923e-05,0.0
kiyotar97953663,0,1,0,2,8.872280242758923e-05,0.0
king_joker80,0,3,0,4,8.872280242758923e-05,0.0
kingpower2k,0,1,0,2,8.872280242758923e-05,0.0
kinitamd,0,1,0,2,8.872280242758923e-05,0.0
kirbygt79,0,2,0,3,8.872280242758923e-05,0.0
kirita20210,0,4,0,5,8.872280242758923e-05,4.504203858328911e-06
kirstenness,0,2,0,3,8.872280242758923e-05,1.566959431910413e-05
kisamapsycho,0,2,0,5,8.872280242758923e-05,0.0
kishpin,0,7,0,8,8.872280242758923e-05,3.986742952041174e-06
kitty7744,0,12,0,13,8.872280242758923e-05,0.00043250980336600607
bab74306204,0,2,0,3,8.872280242758923e-05,0.0
kk19031977,0,4,0,5,8.872280242758923e-05,4.504203858328911e-06
kinai12345,0,10,0,11,8.872280242758923e-05,1.0808486249743626e-05
klaatuantizurdo,0,4,0,15,8.872280242758923e-05,0.0
kmnxa,0,1,0,1,8.872280242758923e-05,0.0
kmusftw,0,4,0,7,8.872280242758923e-05,1.983119777811339e-06
knapelos,0,3,0,6,8.872280242758923e-05,5.2369743934464425e-09
kok3alparedes,0,2,0,5,8.872280242758923e-05,1.5514123121169494e-05
koko937393,0,6,0,7,8.872280242758923e-05,7.461731956960175e-05
ba7decffbc6249e,0,7,0,16,8.872280242758923e-05,1.5704166111574135e-06
komunitarista,0,1,0,2,8.872280242758923e-05,0.0
kortabar88,0,2,0,3,8.872280242758923e-05,3.0144765089815655e-06
kosovo1988,0,3,0,4,8.872280242758923e-05,2.668792752780537e-05
kincho95,0,5,0,7,8.872280242758923e-05,3.919199254269678e-06
kin01337,0,3,0,4,8.872280242758923e-05,0.0
karranch0,0,2,0,3,8.872280242758923e-05,0.0
kenny_tuche,0,2,0,5,8.872280242758923e-05,0.0
katering1995,0,3,0,4,8.872280242758923e-05,1.691952456232979e-06
katyolarte,0,2,0,3,8.872280242758923e-05,0.0
kawoq1000,0,5,0,12,8.872280242758923e-05,5.492113118344446e-07
kechorizo,0,3,0,6,8.872280242758923e-05,1.4916858103933969e-06
kedrako1,0,2,0,3,8.872280242758923e-05,0.0
kekevinfc10,0,4,0,5,8.872280242758923e-05,4.504203858328911e-06
kelandrap,0,1,0,1,8.872280242758923e-05,0.0
kenne_1983,0,4,0,5,8.872280242758923e-05,8.065171761690978e-07
barbarismo_,0,2,0,3,8.872280242758923e-05,0.0001919017463058914
baquero_castro,0,2,0,3,8.872280242758923e-05,0.0
keratox1,0,2,0,3,8.872280242758923e-05,0.0
kimm_2412,0,6,0,7,8.872280242758923e-05,1.3024354633590822e-05
kerwinogaldez,0,2,0,3,8.872280242758923e-05,1.469697745694649e-06
kevin_lanfiesta,0,1,0,2,8.872280242758923e-05,0.0
kevinborrayo,0,1,0,2,8.872280242758923e-05,0.0
kicketay,0,2,0,3,8.872280242758923e-05,4.508693934090054e-06
banalucas,0,2,0,3,8.872280242758923e-05,0.0
baegpeluca,0,1,0,2,8.872280242758923e-05,0.0
kikempalm,0,3,0,4,8.872280242758923e-05,4.4934255737732505e-05
kikesetien96,0,3,0,4,8.872280242758923e-05,0.0003141864513093516
kikin1957,0,5,0,10,8.872280242758923e-05,1.2789006300312095e-07
kiluluki,0,2,0,3,8.872280242758923e-05,1.469697745694649e-06
jgleon70,0,4,0,5,8.872280242758923e-05,4.504203858328911e-06
jgcasasola,0,1,0,2,8.872280242758923e-05,0.0
gowokegobroke82,0,4,0,7,8.872280242758923e-05,7.36140410001771e-07
carloso75480433,0,5,0,6,8.872280242758923e-05,8.065171761690978e-07
hectorbkt16,0,2,0,3,8.872280242758923e-05,0.0
hectord52064509,0,11,0,13,8.872280242758923e-05,8.729375117353336e-05
hectordavila10,0,3,0,6,8.872280242758923e-05,4.103974099687275e-06
hectorgiron,0,1,0,2,8.872280242758923e-05,0.0
hectorm68394714,0,2,0,3,8.872280242758923e-05,2.8177188409298452e-05
hedis28,0,9,0,14,8.872280242758923e-05,0.00010861597841218046
carmarlux,0,4,0,5,8.872280242758923e-05,1.5291903059599907e-06
heidybarrios78,0,6,0,10,8.872280242758923e-05,2.6213741116930887e-05
helen_amelie_,0,2,0,3,8.872280242758923e-05,0.0
helencinmar,0,6,0,8,8.872280242758923e-05,5.001801573297001e-05
carlotadv,0,2,0,3,8.872280242758923e-05,0.0
carlosxiloj6,0,1,0,2,8.872280242758923e-05,0.0
carlosventurapl,0,3,0,3,8.872280242758923e-05,3.8106790086951216e-07
carlostoledogt,0,4,0,5,8.872280242758923e-05,5.007425070347713e-07
carlosrubioair,0,4,0,8,8.872280242758923e-05,4.018071661497609e-06
carlosrmh82,0,3,0,6,8.872280242758923e-05,3.17042296467641e-05
carlosrgodoyl1,0,2,0,5,8.872280242758923e-05,0.0
carlospinto3172,0,3,0,4,8.872280242758923e-05,0.0
carlospere29908,0,6,0,9,8.872280242758923e-05,3.1212771095004524e-06
carlospepio,0,4,0,5,8.872280242758923e-05,0.0
carlosoliva_,0,4,0,5,8.872280242758923e-05,4.504203858328911e-06
henrybanniste10,0,1,0,4,8.872280242758923e-05,0.0
henryco15270422,0,3,0,4,8.872280242758923e-05,2.810938820880443e-06
hectoralvarez00,0,4,0,5,8.872280242758923e-05,8.065171761690978e-07
hector10bamaca,0,4,0,5,8.872280242758923e-05,5.007425070347713e-07
hecch,0,18,0,24,8.872280242758923e-05,0.00018068395180137462
caroll_16,0,1,0,2,8.872280242758923e-05,0.0
harmandoleongrr,0,5,0,11,8.872280242758923e-05,4.504203858328911e-06
carreragua,0,2,0,3,8.872280242758923e-05,0.0
harol5665776575,0,23,0,30,8.872280242758923e-05,0.001873614904302903
carolyfofo,0,2,0,5,8.872280242758923e-05,0.0
harolditto,0,3,0,4,8.872280242758923e-05,3.6016271520832724e-07
haroldo_esteban,0,13,0,22,8.872280242758923e-05,1.5580134242128566e-05
harryss19,0,3,0,6,8.872280242758923e-05,4.744502987744818e-06
hashcodeshadow,0,1,0,4,8.872280242758923e-05,0.0
hassen201907,0,5,0,8,8.872280242758923e-05,5.164514085293385e-07
carolsolca,0,3,0,6,8.872280242758923e-05,2.571158418615538e-06
carolin1793,0,1,0,4,8.872280242758923e-05,0.0
hecazaor,0,2,0,6,8.872280242758923e-05,1.566959431910413e-05
carmenmariagt89,0,2,0,3,8.872280242758923e-05,0.0
hctorlp09816449,0,3,0,4,8.872280242758923e-05,2.034640558942899e-05
carmenm32181341,0,7,0,8,8.872280242758923e-05,1.503827226311864e-05
hd47849833,0,4,0,5,8.872280242758923e-05,6.8301858629491275e-06
carmencantl,0,2,0,3,8.872280242758923e-05,0.0
heandovi,0,4,0,5,8.872280242758923e-05,4.9232157823912175e-05
hebergt,0,1,0,2,8.872280242758923e-05,0.0
heberjez,0,4,0,5,8.872280242758923e-05,1.630886055033323e-05
carmena22235780,0,3,0,4,8.872280242758923e-05,3.7086468948996366e-07
hebermart2000,0,2,0,3,8.872280242758923e-05,0.0
carloso81266979,0,3,0,4,8.872280242758923e-05,6.39672487686306e-05
henrygchuap,0,3,0,4,8.872280242758923e-05,0.0
carlhansschneid,0,1,0,2,8.872280242758923e-05,0.0
henryquevedo316,0,1,0,1,8.872280242758923e-05,0.0
honeybadgergt,0,1,0,2,8.872280242758923e-05,0.0
honor182,0,25,0,50,8.872280242758923e-05,0.0010367084095197904
carloskmel76,0,8,0,11,8.872280242758923e-05,4.229177435176077e-06
carlosj42770497,0,3,0,6,8.872280242758923e-05,0.0
hooverpomaresg1,0,2,0,3,8.872280242758923e-05,0.0
hoponovale,0,2,0,3,8.872280242758923e-05,6.643451073299493e-05
carloshernand61,0,2,0,5,8.872280242758923e-05,7.590162374160938e-05
horseboina9,0,11,0,14,8.872280242758923e-05,5.956207949492614e-05
howardroark1962,0,2,0,3,8.872280242758923e-05,0.0
hptamd,0,21,0,22,8.872280242758923e-05,0.007028202828819769
carlosh59322468,0,2,0,3,8.872280242758923e-05,0.0
carlosg55665451,0,3,0,4,8.872280242758923e-05,2.810938820880443e-06
carlosemilio85,0,7,0,8,8.872280242758923e-05,1.9009923989091095e-05
carloscarlgnz,0,4,0,6,8.872280242758923e-05,8.546094200214403e-05
carlosc83777123,0,2,0,4,8.872280242758923e-05,0.0
carlosc0852561,0,3,0,6,8.872280242758923e-05,1.919017463058914e-07
carlosandrino75,0,2,0,3,8.872280242758923e-05,0.0
carlosallarenao,0,1,0,2,8.872280242758923e-05,0.0
carlosalbesc,0,2,0,3,8.872280242758923e-05,0.0
carlos694621,0,4,0,5,8.872280242758923e-05,5.007425070347713e-07
carlos59479502,0,6,0,13,8.872280242758923e-05,5.8425039636616374e-05
carlos5433,0,1,0,2,8.872280242758923e-05,0.0
carlos20trece,0,4,0,5,8.872280242758923e-05,4.504203858328911e-06
hofer1678,0,2,0,3,8.872280242758923e-05,0.0
carloslazarob,0,3,0,4,8.872280242758923e-05,3.6016271520832724e-07
hmaldonado_gt,0,4,0,9,8.872280242758923e-05,3.2634748797143027e-07
carlosm_silva,0,2,0,3,8.872280242758923e-05,0.0
henryre43436441,0,1,0,4,8.872280242758923e-05,0.0
henrytello13,0,4,0,11,8.872280242758923e-05,2.8722522256224754e-07
hensbillperez,0,2,0,3,8.872280242758923e-05,0.0
heraldodomingo2,0,8,0,14,8.872280242758923e-05,5.448831981919235e-05
herbertgramajo1,0,2,0,3,8.872280242758923e-05,0.0
herberttoaspern,0,2,0,3,8.872280242758923e-05,0.0
hermalang,0,7,0,10,8.872280242758923e-05,0.00020525032946311199
carlosnoeldubo2,0,4,0,5,8.872280242758923e-05,0.0001926803263532088
hernan_zarama,0,2,0,3,8.872280242758923e-05,0.0
hernandez__w,0,4,0,5,8.872280242758923e-05,2.0908165856201373e-05
hernandeze76558,0,1,0,2,8.872280242758923e-05,0.0
carlosleonels11,0,10,0,11,8.872280242758923e-05,1.0808486249743626e-05
hestuardomeya,0,1,0,2,8.872280242758923e-05,0.0
het_id33826,0,4,0,5,8.872280242758923e-05,4.716263507614303e-06
heverabarca,0,2,0,3,8.872280242758923e-05,8.549705685864723e-06
hevisaga,0,3,0,4,8.872280242758923e-05,0.0
heyopita,0,2,0,3,8.872280242758923e-05,1.469697745694649e-06
hidden_badass,0,3,0,6,8.872280242758923e-05,0.0
hijo_depirulina,0,1,0,4,8.872280242758923e-05,0.0
hijodedios1969,0,2,0,3,8.872280242758923e-05,0.0
carlosm36924914,0,5,0,7,8.872280242758923e-05,3.8987139163423127e-05
hke719,0,3,0,4,8.872280242758923e-05,2.27051029719818e-05
carrerarene1,0,7,0,8,8.872280242758923e-05,0.00018055204275782213
hansogt,0,6,0,6,8.872280242758923e-05,0.0012152645605463855
hansgalindogt,0,3,0,3,8.872280242758923e-05,1.7549640115644688e-05
carsolrz,0,2,0,3,8.872280242758923e-05,4.5291252672770006e-05
gtnewsagency,0,1,0,1,8.872280242758923e-05,0.0
gtred86,0,1,0,2,8.872280242758923e-05,0.0
gtsocrates86829,0,3,0,6,8.872280242758923e-05,0.0
cdeleonandrade,0,7,0,10,8.872280242758923e-05,1.3748164000133013e-05
guacamolconsal,0,3,0,6,8.872280242758923e-05,0.0
ccaotoro,0,7,0,8,8.872280242758923e-05,6.691070263357495e-05
guadalupe2020,0,19,0,26,8.872280242758923e-05,0.0005742162176723695
gualanel,0,2,0,3,8.872280242758923e-05,0.0
guarozco491,0,1,0,2,8.872280242758923e-05,0.0
guatatey,0,5,0,6,8.872280242758923e-05,0.0002186320460794537
guate_capo,0,5,0,6,8.872280242758923e-05,4.504203858328911e-06
ccanleu,0,6,0,11,8.872280242758923e-05,2.299327334530753e-05
cc6447,0,1,0,2,8.872280242758923e-05,0.0
cc2024w_carlos,0,6,0,7,8.872280242758923e-05,1.3024354633590822e-05
cbrolo11,0,5,0,12,8.872280242758923e-05,6.88678938442732e-05
cbarreno24,0,14,0,18,8.872280242758923e-05,2.644493472930356e-05
cbadl5859913,0,2,0,3,8.872280242758923e-05,0.0
guateabner1993,0,14,0,19,8.872280242758923e-05,9.020440408121314e-05
cazador16876354,0,8,0,9,8.872280242758923e-05,8.954362596578549e-06
guatebellasmag,0,3,0,4,8.872280242758923e-05,1.4289548803344256e-06
guatebuena1,0,2,0,3,8.872280242758923e-05,0.0
guatecosmos,0,2,0,3,8.872280242758923e-05,0.0
guatemejor1,0,23,0,33,8.872280242758923e-05,7.647270963687678e-05
gtmayorga,0,7,0,13,8.872280242758923e-05,4.219542668323777e-06
gtliberta35774,0,6,0,14,8.872280242758923e-05,8.516239823202572e-07
gtkaliman,0,13,0,52,8.872280242758923e-05,2.06401656457723e-05
grissteeven,0,5,0,6,8.872280242758923e-05,4.0520467735156106e-05
gpriscillag,0,2,0,2,8.872280242758923e-05,0.0
green_fito,0,4,0,5,8.872280242758923e-05,4.716263507614303e-06
cefvpolo,0,4,0,5,8.872280242758923e-05,8.926909506112466e-06
greentree5163,0,3,0,7,8.872280242758923e-05,0.0
gretecifu,0,3,0,4,8.872280242758923e-05,0.00014094805759763606
grettelslowing,0,2,0,5,8.872280242758923e-05,8.938650960260011e-05
grillochapin,0,2,0,3,8.872280242758923e-05,1.2215606664249275e-05
grillorivera,0,4,0,7,8.872280242758923e-05,0.00015339295965340017
grismds,0,2,0,3,8.872280242758923e-05,0.0001919017463058914
cefigt,0,4,0,5,8.872280242758923e-05,1.5291903059599907e-06
cedr2506,0,27,0,67,8.872280242758923e-05,0.001037978981052555
gtjomaedga,0,1,0,2,8.872280242758923e-05,0.0
grupoartefactos,0,2,0,3,8.872280242758923e-05,0.0
grupoimg2,0,1,0,6,8.872280242758923e-05,0.0
ceccgalve95xmy,0,4,0,5,8.872280242758923e-05,0.0
gt_ghostwriter,0,2,0,5,8.872280242758923e-05,0.0
gt_maga,0,2,0,7,8.872280242758923e-05,2.133283898098889e-05
gt_mec,0,3,0,6,8.872280242758923e-05,3.957080455128923e-06
gtavo2104,0,1,0,2,8.872280242758923e-05,0.0
gtcalidadtotal,0,3,0,4,8.872280242758923e-05,3.2634748797143027e-07
cecastillog2012,0,1,0,2,8.872280242758923e-05,0.0
cdgenesisguate,0,18,0,19,8.872280242758923e-05,0.0002464267734681959
guatephantom,0,6,0,11,8.872280242758923e-05,0.00022255247151330758
causalbo,0,1,0,2,8.872280242758923e-05,0.0
catdog1923,0,7,0,12,8.872280242758923e-05,5.1468338152615544e-05
gustavo66033675,0,1,0,2,8.872280242758923e-05,0.0
castcastpablo,0,1,0,1,8.872280242758923e-05,0.0
gusarober,0,5,0,6,8.872280242758923e-05,0.00020253012451944735
castagui,0,1,0,2,8.872280242758923e-05,0.0
gusdiazfigueroa,0,4,0,5,8.872280242758923e-05,0.00019339343211628433
cassianolucy,0,8,0,9,8.872280242758923e-05,0.00014894181227330098
guskike,0,2,0,3,8.872280242758923e-05,1.469697745694649e-06
cassiani_j47990,0,2,0,3,8.872280242758923e-05,0.0
gustavo2101gua,0,2,0,5,8.872280242758923e-05,0.0
gustavo31303223,0,4,0,5,8.872280242758923e-05,0.0
gustavo43958388,0,2,0,3,8.872280242758923e-05,0.0
caspalviare,0,3,0,6,8.872280242758923e-05,9.307385182872512e-07
castelagro,0,4,0,6,8.872280242758923e-05,0.0002457263620548734
casia_daniel,0,9,0,12,8.872280242758923e-05,9.343457842601845e-06
gutigu1979,0,4,0,10,8.872280242758923e-05,5.017459990328369e-07
h93ramos,0,1,0,2,8.872280242758923e-05,0.0
habibi58,0,2,0,3,8.872280242758923e-05,0.0
haggonzalez,0,1,0,2,8.872280242758923e-05,0.0
haisegonzalez,0,4,0,5,8.872280242758923e-05,8.065171761690978e-07
carvid9,0,2,0,3,8.872280242758923e-05,0.0
carusso100,0,4,0,5,8.872280242758923e-05,5.007425070347713e-07
hammer105,0,2,0,3,8.872280242758923e-05,0.0
handelman80,0,2,0,3,8.872280242758923e-05,3.652270026267928e-05
castcn,0,2,0,4,8.872280242758923e-05,0.0
gusar10,0,13,0,14,8.872280242758923e-05,0.000636477604119648
catalanfig,0,10,0,11,8.872280242758923e-05,1.0808486249743626e-05
guillej_r,0,2,0,3,8.872280242758923e-05,0.0
guatitalia,0,3,0,4,8.872280242758923e-05,5.874710151167597e-05
gudielarma24032,0,3,0,8,8.872280242758923e-05,0.0
gugis5,0,3,0,4,8.872280242758923e-05,1.1600784601202275e-05
guicho53,0,1,0,2,8.872280242758923e-05,0.0
guicho_chapin,0,1,0,1,8.872280242758923e-05,0.0
guichoarsenal,0,3,0,4,8.872280242758923e-05,6.563982724205261e-07
guichochepe,0,2,0,3,8.872280242758923e-05,0.0
guille777lopez,0,1,0,2,8.872280242758923e-05,0.0
guille_tobar,0,2,0,2,8.872280242758923e-05,9.56483928749412e-05
castillogust,0,5,0,13,8.872280242758923e-05,1.2302419774806656e-05
castilloangie_2,0,4,0,15,8.872280242758923e-05,2.3516751510567036e-05
gus_pacheco10,0,4,0,8,8.872280242758923e-05,0.00010599525133642965
guillelgui,0,1,0,2,8.872280242758923e-05,0.0
castillo_tonito,0,6,0,11,8.872280242758923e-05,1.118865218784243e-06
guiller53663736,0,1,0,4,8.872280242758923e-05,0.0
guillermo_kano,0,10,0,14,8.872280242758923e-05,6.0242851017949365e-05
guillermoestua5,0,4,0,5,8.872280242758923e-05,4.504203858328911e-06
guillesolo98,0,2,0,3,8.872280242758923e-05,0.0
guiselabarrios,0,26,0,43,8.872280242758923e-05,0.0005665000054352417
castillo_e14966,0,2,0,3,8.872280242758923e-05,0.0
castill0roberto,0,2,0,5,8.872280242758923e-05,2.374551315232981e-06
guitaranti,0,4,0,5,8.872280242758923e-05,5.007425070347713e-07
carlitos3078,0,1,0,2,8.872280242758923e-05,0.0
carlairodriguez,0,3,0,4,8.872280242758923e-05,9.564717136398993e-05
jgbarillas,0,1,0,2,8.872280242758923e-05,0.0
jazelobendo,0,1,0,2,8.872280242758923e-05,0.0
brunnellaj,0,4,0,5,8.872280242758923e-05,0.0
brujita_72,0,10,0,12,8.872280242758923e-05,5.814870393612497e-05
bruizf,0,3,0,8,8.872280242758923e-05,0.0
brongonbyron,0,4,0,5,8.872280242758923e-05,5.007425070347713e-07
james10tiburcio,0,3,0,4,8.872280242758923e-05,4.10750976144171e-06
jamilto71384561,0,2,0,3,8.872280242758923e-05,8.939838091488798e-07
jannina38537238,0,6,0,7,8.872280242758923e-05,6.302998341779957e-06
jantolo,0,9,0,10,8.872280242758923e-05,3.4028771511847674e-06
brolbp,0,13,0,14,8.872280242758923e-05,9.910301132742174e-05
brianserrato11,0,2,0,3,8.872280242758923e-05,0.0
brenttgranth,0,2,0,3,8.872280242758923e-05,0.0
brenergamez,0,3,0,6,8.872280242758923e-05,2.9331069746541686e-06
jaquitikis,0,8,0,9,8.872280242758923e-05,7.940610208311534e-05
jarquin_zully,0,2,0,3,8.872280242758923e-05,0.0
jas32s,0,5,0,8,8.872280242758923e-05,0.000278653912124141
brat788510,0,2,0,3,8.872280242758923e-05,0.0
jasonbarriosgut,0,1,0,2,8.872280242758923e-05,0.0
jav_f21,0,2,0,3,8.872280242758923e-05,0.0
jav_juarez,0,4,0,5,8.872280242758923e-05,5.017459990328369e-07
javala_81,0,4,0,5,8.872280242758923e-05,4.504203858328911e-06
javi_sudo,0,7,0,30,8.872280242758923e-05,0.0002599130129422292
javierd65077306,0,4,0,5,8.872280242758923e-05,2.810938820880443e-06
javierpin8,0,3,0,4,8.872280242758923e-05,6.880476749123205e-05
brunodaz1351817,0,2,0,3,8.872280242758923e-05,0.0
bryanbmx_l,0,4,0,5,8.872280242758923e-05,8.065171761690978e-07
budysala,0,1,0,2,8.872280242758923e-05,0.0
c_herrarte,0,3,0,4,8.872280242758923e-05,0.00019383832479065617
jaimegarciassm,0,1,0,2,8.872280242758923e-05,0.0
jaimenolasco20,0,2,0,3,8.872280242758923e-05,0.0
jairoelrojo,0,1,0,2,8.872280242758923e-05,0.0
jaironpurocrema,0,3,0,4,8.872280242758923e-05,1.469697745694649e-06
jajhonnysan,0,1,0,2,8.872280242758923e-05,0.0
jaksonya,0,5,0,6,8.872280242758923e-05,6.219915984017727e-06
caaoko,0,2,0,3,8.872280242758923e-05,0.0
caalcatun,0,3,0,6,8.872280242758923e-05,5.357667174172976e-05
c_rosario_79,0,4,0,5,8.872280242758923e-05,8.065171761690978e-07
jalenvelaz46026,0,21,0,22,8.872280242758923e-05,0.003838034926117828
c_c_gt_,0,3,0,6,8.872280242758923e-05,1.0025232448951526e-05
bufeprofesional,0,12,0,13,8.872280242758923e-05,0.00017119764784567987
c8f9a667e131454,0,4,0,9,8.872280242758923e-05,6.704358163776344e-06
byronpa93998161,0,1,0,2,8.872280242758923e-05,0.0
byronnoly,0,4,0,5,8.872280242758923e-05,1.5291903059599907e-06
byronmerci85,0,2,0,3,8.872280242758923e-05,0.0
byron_fiesta,0,5,0,16,8.872280242758923e-05,5.7544427076982276e-05
byron_argueta5,0,9,0,17,8.872280242758923e-05,1.2331998859053457e-05
byrea10,0,4,0,6,8.872280242758923e-05,2.221304279583136e-05
byrachelm,0,13,0,14,8.872280242758923e-05,9.910301132742174e-05
butter_crypto,0,2,0,3,8.872280242758923e-05,7.854337528914476e-05
bullgarrafuerte,0,10,0,11,8.872280242758923e-05,2.7616072820014177e-05
jayro_1086,0,5,0,6,8.872280242758923e-05,1.0312595018157427e-05
brandonbar79410,0,5,0,8,8.872280242758923e-05,0.0
hrpernillo,0,2,0,3,8.872280242758923e-05,0.0
braddock_31,0,3,0,4,8.872280242758923e-05,3.392833033054111e-05
borisoso62,0,4,0,5,8.872280242758923e-05,4.513230318966845e-06
boogie_yugy,0,4,0,5,8.872280242758923e-05,8.34922815652256e-06
jeremasgmez16,0,4,0,15,8.872280242758923e-05,3.7158487269464285e-05
bolchevique61,0,12,0,15,8.872280242758923e-05,1.6412184664531433e-05
jeremygd95,0,5,0,14,8.872280242758923e-05,7.901278104094726e-05
jerry72559553,0,4,0,5,8.872280242758923e-05,1.5291903059599907e-06
jersoncamey,0,3,0,4,8.872280242758923e-05,1.9883859558354966e-06
bohemiochapin,0,4,0,5,8.872280242758923e-05,4.504203858328911e-06
bohemioal,0,4,0,5,8.872280242758923e-05,5.007425070347713e-07
jeson_tino,0,2,0,3,8.872280242758923e-05,2.6479317420528144e-05
jessalvare27322,0,3,0,4,8.872280242758923e-05,0.0
bofer34,0,1,0,3,8.872280242758923e-05,0.0
jessi11salazar,0,3,0,4,8.872280242758923e-05,1.411228389053086e-05
jesuisjoaquin,0,2,0,3,8.872280242758923e-05,0.0
jesusalvizures2,0,4,0,5,8.872280242758923e-05,1.5291903059599907e-06
jesusmor__,0,4,0,5,8.872280242758923e-05,2.6346136272902453e-06
jetazz,0,1,0,2,8.872280242758923e-05,0.0
jfermendez,0,1,0,2,8.872280242758923e-05,0.0
jfervalle,0,2,0,3,8.872280242758923e-05,1.2182534875899481e-05
jfguatemala,0,1,0,2,8.872280242758923e-05,0.0
jfguinea,0,1,0,2,8.872280242758923e-05,0.0
jfpernillo24,0,2,0,2,8.872280242758923e-05,4.068018311569101e-06
jfrank1976,0,1,0,2,8.872280242758923e-05,0.0
borrayooli68058,0,6,0,7,8.872280242758923e-05,1.3024354633590822e-05
borreguitoyulie,0,1,0,2,8.872280242758923e-05,0.0
jennygt100,0,3,0,4,8.872280242758923e-05,0.0003838034926117828
jchaveco12,0,3,0,4,8.872280242758923e-05,0.0
bqi3gdpba5noquc,0,5,0,12,8.872280242758923e-05,4.863120030425592e-05
jbardavin,0,2,0,3,8.872280242758923e-05,2.2453950520928598e-06
jborgov,0,5,0,6,8.872280242758923e-05,1.0291969828121111e-05
jbritorres,0,4,0,5,8.872280242758923e-05,4.504203858328911e-06
jcarlosmoscoso,0,3,0,4,8.872280242758923e-05,0.00014128718284283804
botit0,0,4,0,5,8.872280242758923e-05,5.007425070347713e-07
jcbaba3,0,2,0,3,8.872280242758923e-05,0.0
jccasellas,0,3,0,4,8.872280242758923e-05,1.7060320255544695e-05
jccastao,0,6,0,7,8.872280242758923e-05,2.0267178521278114e-05
jcfaroto13,0,2,0,3,8.872280242758923e-05,0.0
jclunaaguilera,0,2,0,3,8.872280242758923e-05,4.5291252672770006e-05
jennifferloplem,0,2,0,3,8.872280242758923e-05,2.3437523253941664e-06
jconquistador63,0,3,0,6,8.872280242758923e-05,3.2287695934435116e-07
jdanieldardon,0,6,0,11,8.872280242758923e-05,0.00029319170573337717
jdrsoyyo,0,4,0,5,8.872280242758923e-05,4.504203858328911e-06
jdtolland2004,0,2,0,3,8.872280242758923e-05,1.0714608354579702e-05
je72691,0,1,0,2,8.872280242758923e-05,0.0
jeanve_vel,0,3,0,4,8.872280242758923e-05,0.00020429252563679786
borys_ii,0,3,0,4,8.872280242758923e-05,3.6016271520832724e-07
jedwinmeja1,0,8,0,18,8.872280242758923e-05,1.0507849630089993e-05
jefferandom,0,2,0,3,8.872280242758923e-05,0.0
jemanuelth,0,1,0,2,8.872280242758923e-05,0.0
jaime_asturias,0,1,0,2,8.872280242758923e-05,0.0
jaguilar91juan,0,2,0,3,8.872280242758923e-05,0.0
cabarri811,0,2,0,3,8.872280242758923e-05,0.0
cach_fredy,0,2,0,3,8.872280242758923e-05,0.0
iambardo7,0,1,0,2,8.872280242758923e-05,0.0
cancinospedro,0,1,0,2,8.872280242758923e-05,0.0
iamthepilgrimgt,0,4,0,5,8.872280242758923e-05,3.6016271520832724e-07
ibal160970,0,3,0,4,8.872280242758923e-05,0.0
idavisramos,0,4,0,5,8.872280242758923e-05,4.504203858328911e-06
idelettep,0,2,0,6,8.872280242758923e-05,1.469697745694649e-06
idomingo415582,0,3,0,4,8.872280242758923e-05,4.033427332697205e-06
ieneeelee,0,1,0,2,8.872280242758923e-05,0.0
ierecinos,0,2,0,2,8.872280242758923e-05,0.0
ignaciosnchez8,0,4,0,5,8.872280242758923e-05,4.504203858328911e-06
iketick,0,4,0,5,8.872280242758923e-05,4.504203858328911e-06
ileanalvar93077,0,8,0,9,8.872280242758923e-05,0.00019407440587661934
canchito13,0,4,0,13,8.872280242758923e-05,2.758302585681288e-06
ilianagarsa,0,24,0,32,8.872280242758923e-05,8.266818542332516e-05
ilmarn,0,2,0,3,8.872280242758923e-05,3.229840896450136e-06
ilyzeadesalazar,0,2,0,3,8.872280242758923e-05,0.0
im_pabloj,0,1,0,2,8.872280242758923e-05,0.0
canalitosagupsn,0,3,0,4,8.872280242758923e-05,0.0
imagini1957,0,9,0,16,8.872280242758923e-05,0.00038466010808427243
camuadip,0,2,0,5,8.872280242758923e-05,8.939838091488798e-07
camtroussard,0,3,0,4,8.872280242758923e-05,0.0
imalven,0,1,0,2,8.872280242758923e-05,0.0
imfree68,0,1,0,2,8.872280242758923e-05,0.0
canderoncande,0,5,0,6,8.872280242758923e-05,4.504203858328911e-06
cansadodecorru1,0,2,0,6,8.872280242758923e-05,3.6192398187771458e-06
cante_eder,0,1,0,2,8.872280242758923e-05,0.0
humbert32620962,0,6,0,7,8.872280242758923e-05,9.137022938824385e-07
htonioj,0,1,0,2,8.872280242758923e-05,0.0
hubafuentes,0,2,0,3,8.872280242758923e-05,0.0
carlachavezprd,0,2,0,3,8.872280242758923e-05,0.0
hugoarmandomer2,0,3,0,4,8.872280242758923e-05,3.2634748797143027e-07
cari81724024,0,6,0,7,8.872280242758923e-05,1.3024354633590822e-05
hugodel16107145,0,2,0,3,8.872280242758923e-05,3.6252006223751293e-06
hugogut65760873,0,2,0,6,8.872280242758923e-05,0.0
carenriquez,0,5,0,8,8.872280242758923e-05,5.307826063515498e-06
hugomorales84,0,3,0,3,8.872280242758923e-05,1.6504511707345918e-07
hugosanchinell1,0,1,0,2,8.872280242758923e-05,0.0
humbert69532172,0,2,0,3,8.872280242758923e-05,0.0
cantimanuel1,0,2,0,3,8.872280242758923e-05,0.0
humbertoag76531,0,1,0,2,8.872280242758923e-05,0.0
hungmayda,0,7,0,12,8.872280242758923e-05,0.00024592360814645154
huwoo,0,2,0,3,8.872280242758923e-05,0.0
carecaite,0,3,0,4,8.872280242758923e-05,4.5291252672770006e-05
cardona_vi41774,0,5,0,8,8.872280242758923e-05,0.0004322060782064102
carblank,0,2,0,3,8.872280242758923e-05,0.0
car_pin_,0,20,0,32,8.872280242758923e-05,0.0001328376709193304
car_pal,0,2,0,3,8.872280242758923e-05,0.0
car_jena,0,3,0,3,8.872280242758923e-05,3.7180322477363744e-06
caporfer,0,2,0,5,8.872280242758923e-05,0.0
incorruptibl_gt,0,1,0,2,8.872280242758923e-05,0.0
ingecivilxela,0,5,0,7,8.872280242758923e-05,3.474437150307616e-05
ingeniero32368,0,2,0,3,8.872280242758923e-05,0.0
ivo987654321,0,7,0,10,8.872280242758923e-05,6.50289320041623e-06
isazuleta,0,2,0,2,8.872280242758923e-05,0.0
cajascuesta,0,8,0,17,8.872280242758923e-05,0.0001668993680318746
cajascampo,0,4,0,5,8.872280242758923e-05,1.5291903059599907e-06
isolina_mariza,0,2,0,5,8.872280242758923e-05,0.0
isquev,0,10,0,16,8.872280242758923e-05,1.6171535445472403e-05
ivanddeleon3,0,9,0,12,8.872280242758923e-05,1.7581787442832175e-05
cahevi9hotmail1,0,2,0,3,8.872280242758923e-05,0.0
cafnfnavarro,0,3,0,4,8.872280242758923e-05,2.901467156668101e-05
cafeguzgon,0,2,0,3,8.872280242758923e-05,0.0
ivanmess,0,2,0,3,8.872280242758923e-05,1.0092747621558546e-05
iwas_tonota,0,4,0,5,8.872280242758923e-05,4.716263507614303e-06
isaub2,0,3,0,6,8.872280242758923e-05,0.00019414714135798438
ixchel71,0,8,0,9,8.872280242758923e-05,1.0589048977045511e-05
iztapasolu16280,0,2,0,3,8.872280242758923e-05,0.0
j090205,0,2,0,3,8.872280242758923e-05,0.0
j_quej,0,2,0,3,8.872280242758923e-05,0.0
j_ssss1,0,3,0,6,8.872280242758923e-05,4.778260534544046e-06
jacoboyojana,0,6,0,9,8.872280242758923e-05,1.9369905671213156e-05
jacqcelestia1,0,1,0,2,8.872280242758923e-05,0.0
jacquel99067632,0,1,0,2,8.872280242758923e-05,0.0
jacquessig75562,0,4,0,5,8.872280242758923e-05,4.504203858328911e-06
jadinaprez,0,2,0,3,8.872280242758923e-05,0.0
camafre,0,5,0,8,8.872280242758923e-05,1.4352764210884958e-05
isabelman11,0,4,0,5,8.872280242758923e-05,2.6346136272902453e-06
ingridv43288582,0,2,0,3,8.872280242758923e-05,4.5253099761774e-06
ire_casado,0,1,0,2,8.872280242758923e-05,0.0
inmogeneralgt,0,7,0,8,8.872280242758923e-05,2.1726595707277373e-06
camposser,0,7,0,10,8.872280242758923e-05,0.0001917469744304919
innovacion30001,0,11,0,19,8.872280242758923e-05,0.0001929069882840211
campos_pabloj,0,4,0,5,8.872280242758923e-05,8.065171761690978e-07
insitusinversus,0,1,0,2,8.872280242758923e-05,0.0
inteducacion,0,1,0,1,8.872280242758923e-05,0.0
interfer95,0,13,0,14,8.872280242758923e-05,9.910301132742174e-05
intuitscreto,0,2,0,3,8.872280242758923e-05,1.344525635501373e-05
campanitajud,0,3,0,4,8.872280242758923e-05,1.4128689918798423e-06
ioxua19,0,2,0,3,8.872280242758923e-05,0.0
irealvlir,0,3,0,4,8.872280242758923e-05,3.5693362822504414e-06
camil1985,0,9,0,14,8.872280242758923e-05,1.6504098609283834e-05
irismar78612428,0,11,0,12,8.872280242758923e-05,0.00070330441067
camineroci14202,0,6,0,9,8.872280242758923e-05,6.420338254382447e-06
camilas95,0,2,0,3,8.872280242758923e-05,0.0
irmal_rodas,0,2,0,3,8.872280242758923e-05,0.0
irmasol98230067,0,1,0,2,8.872280242758923e-05,0.0
irontripie,0,4,0,5,8.872280242758923e-05,2.6346136272902453e-06
irreverentemmmb,0,4,0,5,8.872280242758923e-05,1.3615804163505159e-05
isaacmontufar9,0,4,0,5,8.872280242758923e-05,5.007425070347713e-07
isaalvillatoro_,0,3,0,4,8.872280242758923e-05,0.0
isabellapa92060,0,14,0,28,8.872280242758923e-05,7.53658202414044e-05
gigantedecolch,0,7,0,12,8.872280242758923e-05,0.00015868989756718068
